path,label,video_id,split,frame_start,frame_end,bbox
assets/sign_to_text/wlasl_top100_words/drink/69302.mp4,Drink,69302,val,1,-1,"[551, 68, 1350, 1080]"
assets/sign_to_text/wlasl_top100_words/drink/65539.mp4,Drink,65539,train,1,-1,"[153, 11, 488, 370]"
assets/sign_to_text/wlasl_top100_words/drink/17710.mp4,Drink,17710,train,1,-1,"[196, 15, 521, 414]"
assets/sign_to_text/wlasl_top100_words/drink/17733.mp4,Drink,17733,train,1,-1,"[186, 63, 551, 400]"
assets/sign_to_text/wlasl_top100_words/drink/65540.mp4,Drink,65540,train,1,-1,"[167, 19, 480, 370]"
assets/sign_to_text/wlasl_top100_words/drink/17734.mp4,Drink,17734,val,1,-1,"[183, 55, 552, 400]"
assets/sign_to_text/wlasl_top100_words/drink/17711.mp4,Drink,17711,train,1,-1,"[289, 9, 783, 480]"
assets/sign_to_text/wlasl_top100_words/drink/17712.mp4,Drink,17712,train,1,-1,"[673, 90, 1571, 1072]"
assets/sign_to_text/wlasl_top100_words/drink/17713.mp4,Drink,17713,test,1,-1,"[28, 0, 542, 480]"
assets/sign_to_text/wlasl_top100_words/drink/17709.mp4,Drink,17709,train,1,-1,"[41, 9, 257, 240]"
assets/sign_to_text/wlasl_top100_words/drink/17720.mp4,Drink,17720,train,1,-1,"[49, 3, 220, 192]"
assets/sign_to_text/wlasl_top100_words/drink/17721.mp4,Drink,17721,train,1,-1,"[66, 19, 209, 192]"
assets/sign_to_text/wlasl_top100_words/drink/17722.mp4,Drink,17722,train,1,-1,"[66, 19, 209, 192]"
assets/sign_to_text/wlasl_top100_words/drink/17723.mp4,Drink,17723,train,1,-1,"[65, 20, 208, 192]"
assets/sign_to_text/wlasl_top100_words/drink/17724.mp4,Drink,17724,val,1,-1,"[68, 18, 220, 192]"
assets/sign_to_text/wlasl_top100_words/computer/12328.mp4,Computer,12328,train,1,-1,"[56, 11, 240, 192]"
assets/sign_to_text/wlasl_top100_words/computer/12312.mp4,Computer,12312,val,1,-1,"[422, 50, 824, 720]"
assets/sign_to_text/wlasl_top100_words/computer/12311.mp4,Computer,12311,train,1,-1,"[27, 0, 313, 240]"
assets/sign_to_text/wlasl_top100_words/computer/12338.mp4,Computer,12338,train,1,-1,"[221, 42, 501, 400]"
assets/sign_to_text/wlasl_top100_words/computer/12313.mp4,Computer,12313,train,1,-1,"[409, 51, 833, 720]"
assets/sign_to_text/wlasl_top100_words/computer/12314.mp4,Computer,12314,train,1,-1,"[257, 38, 1684, 1080]"
assets/sign_to_text/wlasl_top100_words/computer/12315.mp4,Computer,12315,val,1,-1,"[436, 35, 1765, 1080]"
assets/sign_to_text/wlasl_top100_words/computer/12316.mp4,Computer,12316,train,1,-1,"[412, 18, 1698, 1080]"
assets/sign_to_text/wlasl_top100_words/computer/12317.mp4,Computer,12317,train,1,-1,"[473, 44, 1708, 1080]"
assets/sign_to_text/wlasl_top100_words/computer/12318.mp4,Computer,12318,train,1,-1,"[365, 45, 1673, 1080]"
assets/sign_to_text/wlasl_top100_words/computer/12319.mp4,Computer,12319,train,1,-1,"[494, 99, 1414, 1077]"
assets/sign_to_text/wlasl_top100_words/computer/12320.mp4,Computer,12320,test,1,-1,"[74, 19, 565, 480]"
assets/sign_to_text/wlasl_top100_words/computer/12326.mp4,Computer,12326,val,1,-1,"[69, 9, 214, 192]"
assets/sign_to_text/wlasl_top100_words/computer/12327.mp4,Computer,12327,train,1,-1,"[63, 0, 218, 192]"
assets/sign_to_text/wlasl_top100_words/before/05728.mp4,Before,05728,train,1,-1,"[624, 70, 1587, 1070]"
assets/sign_to_text/wlasl_top100_words/before/05749.mp4,Before,05749,train,1,-1,"[167, 52, 512, 400]"
assets/sign_to_text/wlasl_top100_words/before/05750.mp4,Before,05750,val,1,-1,"[171, 52, 513, 400]"
assets/sign_to_text/wlasl_top100_words/before/05729.mp4,Before,05729,train,1,-1,"[300, 12, 1202, 1080]"
assets/sign_to_text/wlasl_top100_words/before/05730.mp4,Before,05730,train,1,-1,"[712, 64, 1652, 1080]"
assets/sign_to_text/wlasl_top100_words/before/65167.mp4,Before,65167,train,1,-1,"[190, 0, 504, 370]"
assets/sign_to_text/wlasl_top100_words/before/05731.mp4,Before,05731,train,1,-1,"[570, 98, 1535, 1080]"
assets/sign_to_text/wlasl_top100_words/before/05732.mp4,Before,05732,train,1,-1,"[103, 25, 528, 480]"
assets/sign_to_text/wlasl_top100_words/before/05733.mp4,Before,05733,train,1,-1,"[95, 23, 533, 480]"
assets/sign_to_text/wlasl_top100_words/before/05734.mp4,Before,05734,train,1,-1,"[129, 0, 555, 480]"
assets/sign_to_text/wlasl_top100_words/before/05727.mp4,Before,05727,test,1,-1,"[386, 45, 810, 720]"
assets/sign_to_text/wlasl_top100_words/before/05739.mp4,Before,05739,test,1,-1,"[74, 23, 209, 192]"
assets/sign_to_text/wlasl_top100_words/before/05740.mp4,Before,05740,train,1,-1,"[90, 22, 203, 192]"
assets/sign_to_text/wlasl_top100_words/before/05741.mp4,Before,05741,test,1,-1,"[65, 9, 219, 192]"
assets/sign_to_text/wlasl_top100_words/before/05742.mp4,Before,05742,train,1,-1,"[67, 14, 216, 192]"
assets/sign_to_text/wlasl_top100_words/before/05743.mp4,Before,05743,train,1,-1,"[43, 3, 212, 192]"
assets/sign_to_text/wlasl_top100_words/go/69345.mp4,Go,69345,val,1,-1,"[268, 38, 898, 720]"
assets/sign_to_text/wlasl_top100_words/go/24955.mp4,Go,24955,train,1,-1,"[79, 22, 201, 192]"
assets/sign_to_text/wlasl_top100_words/go/24956.mp4,Go,24956,train,1,-1,"[81, 22, 199, 192]"
assets/sign_to_text/wlasl_top100_words/go/24941.mp4,Go,24941,train,1,-1,"[187, 18, 526, 414]"
assets/sign_to_text/wlasl_top100_words/go/24960.mp4,Go,24960,test,1,-1,"[78, 25, 214, 192]"
assets/sign_to_text/wlasl_top100_words/go/24961.mp4,Go,24961,train,1,-1,"[78, 25, 214, 192]"
assets/sign_to_text/wlasl_top100_words/go/24962.mp4,Go,24962,train,1,-1,"[88, 25, 217, 192]"
assets/sign_to_text/wlasl_top100_words/go/65824.mp4,Go,65824,train,1,-1,"[149, 9, 591, 370]"
assets/sign_to_text/wlasl_top100_words/go/24973.mp4,Go,24973,train,1,-1,"[229, 42, 573, 400]"
assets/sign_to_text/wlasl_top100_words/go/24943.mp4,Go,24943,train,1,-1,"[283, 19, 812, 480]"
assets/sign_to_text/wlasl_top100_words/go/24946.mp4,Go,24946,val,1,-1,"[607, 62, 1534, 1075]"
assets/sign_to_text/wlasl_top100_words/go/24947.mp4,Go,24947,train,1,-1,"[58, 2, 557, 480]"
assets/sign_to_text/wlasl_top100_words/go/24940.mp4,Go,24940,train,1,-1,"[37, 1, 284, 240]"
assets/sign_to_text/wlasl_top100_words/go/24952.mp4,Go,24952,val,1,-1,"[32, 14, 204, 192]"
assets/sign_to_text/wlasl_top100_words/go/24954.mp4,Go,24954,train,1,-1,"[79, 22, 201, 192]"
assets/sign_to_text/wlasl_top100_words/who/69534.mp4,Who,69534,train,1,-1,"[381, 45, 868, 720]"
assets/sign_to_text/wlasl_top100_words/who/63242.mp4,Who,63242,train,1,-1,"[188, 55, 546, 400]"
assets/sign_to_text/wlasl_top100_words/who/63226.mp4,Who,63226,test,1,-1,"[235, 15, 526, 414]"
assets/sign_to_text/wlasl_top100_words/who/63227.mp4,Who,63227,train,1,-1,"[687, 96, 1421, 1080]"
assets/sign_to_text/wlasl_top100_words/who/63228.mp4,Who,63228,train,1,-1,"[693, 88, 1401, 1080]"
assets/sign_to_text/wlasl_top100_words/who/63229.mp4,Who,63229,val,1,-1,"[655, 72, 1505, 1071]"
assets/sign_to_text/wlasl_top100_words/who/63230.mp4,Who,63230,val,1,-1,"[342, 20, 1162, 1080]"
assets/sign_to_text/wlasl_top100_words/who/63231.mp4,Who,63231,train,1,-1,"[128, 8, 517, 480]"
assets/sign_to_text/wlasl_top100_words/who/66778.mp4,Who,66778,train,1,-1,"[165, 4, 472, 370]"
assets/sign_to_text/wlasl_top100_words/who/63232.mp4,Who,63232,train,1,-1,"[112, 28, 507, 480]"
assets/sign_to_text/wlasl_top100_words/who/66779.mp4,Who,66779,train,1,-1,"[167, 3, 471, 370]"
assets/sign_to_text/wlasl_top100_words/who/63225.mp4,Who,63225,train,1,-1,"[35, 0, 293, 240]"
assets/sign_to_text/wlasl_top100_words/who/63236.mp4,Who,63236,train,1,-1,"[81, 19, 207, 192]"
assets/sign_to_text/wlasl_top100_words/who/63237.mp4,Who,63237,val,1,-1,"[82, 17, 212, 192]"
assets/sign_to_text/wlasl_top100_words/candy/08929.mp4,Candy,08929,val,1,-1,"[153, 55, 539, 400]"
assets/sign_to_text/wlasl_top100_words/candy/08916.mp4,Candy,08916,train,1,-1,"[163, 14, 517, 414]"
assets/sign_to_text/wlasl_top100_words/candy/08917.mp4,Candy,08917,train,1,-1,"[784, 153, 1501, 1080]"
assets/sign_to_text/wlasl_top100_words/candy/08918.mp4,Candy,08918,val,1,-1,"[774, 153, 1499, 1080]"
assets/sign_to_text/wlasl_top100_words/candy/08919.mp4,Candy,08919,train,1,-1,"[647, 60, 1538, 1065]"
assets/sign_to_text/wlasl_top100_words/candy/08920.mp4,Candy,08920,train,1,-1,"[675, 65, 1529, 1060]"
assets/sign_to_text/wlasl_top100_words/candy/08921.mp4,Candy,08921,train,1,-1,"[66, 24, 572, 480]"
assets/sign_to_text/wlasl_top100_words/candy/65298.mp4,Candy,65298,train,1,-1,"[186, 15, 467, 370]"
assets/sign_to_text/wlasl_top100_words/candy/08924.mp4,Candy,08924,train,1,-1,"[80, 11, 216, 192]"
assets/sign_to_text/wlasl_top100_words/candy/65299.mp4,Candy,65299,train,1,-1,"[136, 16, 469, 370]"
assets/sign_to_text/wlasl_top100_words/candy/65300.mp4,Candy,65300,test,1,-1,"[195, 16, 467, 370]"
assets/sign_to_text/wlasl_top100_words/candy/08915.mp4,Candy,08915,test,1,-1,"[23, 0, 286, 240]"
assets/sign_to_text/wlasl_top100_words/candy/08925.mp4,Candy,08925,test,1,-1,"[78, 15, 233, 192]"
assets/sign_to_text/wlasl_top100_words/cousin/65415.mp4,Cousin,65415,test,1,-1,"[134, 17, 491, 370]"
assets/sign_to_text/wlasl_top100_words/cousin/13647.mp4,Cousin,13647,train,1,-1,"[205, 43, 479, 400]"
assets/sign_to_text/wlasl_top100_words/cousin/13648.mp4,Cousin,13648,train,1,-1,"[192, 41, 488, 400]"
assets/sign_to_text/wlasl_top100_words/cousin/13631.mp4,Cousin,13631,train,1,-1,"[463, 67, 856, 720]"
assets/sign_to_text/wlasl_top100_words/cousin/13632.mp4,Cousin,13632,train,1,-1,"[428, 69, 853, 720]"
assets/sign_to_text/wlasl_top100_words/cousin/13633.mp4,Cousin,13633,val,1,-1,"[297, 16, 772, 480]"
assets/sign_to_text/wlasl_top100_words/cousin/13634.mp4,Cousin,13634,val,1,-1,"[99, 24, 512, 480]"
assets/sign_to_text/wlasl_top100_words/cousin/13635.mp4,Cousin,13635,test,1,-1,"[59, 25, 528, 480]"
assets/sign_to_text/wlasl_top100_words/cousin/13636.mp4,Cousin,13636,train,1,-1,"[55, 27, 520, 480]"
assets/sign_to_text/wlasl_top100_words/cousin/13630.mp4,Cousin,13630,train,1,-1,"[67, 17, 251, 234]"
assets/sign_to_text/wlasl_top100_words/cousin/13640.mp4,Cousin,13640,train,1,-1,"[52, 9, 225, 192]"
assets/sign_to_text/wlasl_top100_words/cousin/13641.mp4,Cousin,13641,val,1,-1,"[79, 8, 222, 192]"
assets/sign_to_text/wlasl_top100_words/cousin/13642.mp4,Cousin,13642,train,1,-1,"[54, 9, 222, 192]"
assets/sign_to_text/wlasl_top100_words/cousin/13646.mp4,Cousin,13646,train,1,-1,"[174, 36, 487, 400]"
assets/sign_to_text/wlasl_top100_words/deaf/14882.mp4,Deaf,14882,train,1,-1,"[186, 15, 525, 414]"
assets/sign_to_text/wlasl_top100_words/deaf/14903.mp4,Deaf,14903,val,1,-1,"[170, 62, 532, 400]"
assets/sign_to_text/wlasl_top100_words/deaf/14883.mp4,Deaf,14883,test,1,-1,"[738, 111, 1463, 1080]"
assets/sign_to_text/wlasl_top100_words/deaf/14884.mp4,Deaf,14884,train,1,-1,"[677, 59, 1527, 1061]"
assets/sign_to_text/wlasl_top100_words/deaf/14885.mp4,Deaf,14885,train,1,-1,"[727, 115, 1483, 1078]"
assets/sign_to_text/wlasl_top100_words/deaf/14886.mp4,Deaf,14886,train,1,-1,"[445, 35, 1030, 709]"
assets/sign_to_text/wlasl_top100_words/deaf/65445.mp4,Deaf,65445,train,1,-1,"[170, 15, 476, 370]"
assets/sign_to_text/wlasl_top100_words/deaf/14887.mp4,Deaf,14887,val,1,-1,"[111, 30, 517, 480]"
assets/sign_to_text/wlasl_top100_words/deaf/14888.mp4,Deaf,14888,test,1,-1,"[95, 28, 530, 480]"
assets/sign_to_text/wlasl_top100_words/deaf/14893.mp4,Deaf,14893,train,1,-1,"[66, 24, 205, 192]"
assets/sign_to_text/wlasl_top100_words/deaf/14894.mp4,Deaf,14894,train,1,-1,"[60, 24, 206, 192]"
assets/sign_to_text/wlasl_top100_words/help/69364.mp4,Help,69364,val,1,-1,"[605, 64, 1417, 1080]"
assets/sign_to_text/wlasl_top100_words/help/27221.mp4,Help,27221,train,1,-1,"[198, 56, 563, 400]"
assets/sign_to_text/wlasl_top100_words/help/27206.mp4,Help,27206,train,1,-1,"[211, 16, 525, 414]"
assets/sign_to_text/wlasl_top100_words/help/27207.mp4,Help,27207,train,1,-1,"[665, 54, 1608, 1080]"
assets/sign_to_text/wlasl_top100_words/help/27208.mp4,Help,27208,train,1,-1,"[80, 14, 536, 480]"
assets/sign_to_text/wlasl_top100_words/help/27209.mp4,Help,27209,test,1,-1,"[66, 20, 607, 480]"
assets/sign_to_text/wlasl_top100_words/help/65890.mp4,Help,65890,train,1,-1,"[182, 14, 465, 370]"
assets/sign_to_text/wlasl_top100_words/help/27213.mp4,Help,27213,test,1,-1,"[92, 24, 202, 192]"
assets/sign_to_text/wlasl_top100_words/help/27214.mp4,Help,27214,train,1,-1,"[77, 3, 220, 192]"
assets/sign_to_text/wlasl_top100_words/help/65891.mp4,Help,65891,val,1,-1,"[188, 14, 463, 370]"
assets/sign_to_text/wlasl_top100_words/help/65889.mp4,Help,65889,train,1,-1,"[188, 15, 469, 370]"
assets/sign_to_text/wlasl_top100_words/help/27215.mp4,Help,27215,train,1,-1,"[72, 14, 217, 192]"
assets/sign_to_text/wlasl_top100_words/help/27216.mp4,Help,27216,train,1,-1,"[67, 5, 217, 192]"
assets/sign_to_text/wlasl_top100_words/help/27217.mp4,Help,27217,train,1,-1,"[61, 12, 213, 192]"
assets/sign_to_text/wlasl_top100_words/no/69411.mp4,No,69411,val,1,-1,"[274, 43, 875, 720]"
assets/sign_to_text/wlasl_top100_words/no/38525.mp4,No,38525,test,1,-1,"[223, 12, 525, 414]"
assets/sign_to_text/wlasl_top100_words/no/38544.mp4,No,38544,train,1,-1,"[258, 38, 509, 400]"
assets/sign_to_text/wlasl_top100_words/no/38527.mp4,No,38527,train,1,-1,"[777, 24, 1651, 1080]"
assets/sign_to_text/wlasl_top100_words/no/38529.mp4,No,38529,train,1,-1,"[88, 0, 502, 480]"
assets/sign_to_text/wlasl_top100_words/no/38530.mp4,No,38530,train,1,-1,"[138, 36, 517, 480]"
assets/sign_to_text/wlasl_top100_words/no/38532.mp4,No,38532,train,1,-1,"[74, 22, 205, 192]"
assets/sign_to_text/wlasl_top100_words/no/38533.mp4,No,38533,val,1,-1,"[83, 17, 215, 192]"
assets/sign_to_text/wlasl_top100_words/no/66183.mp4,No,66183,train,1,-1,"[143, 0, 480, 370]"
assets/sign_to_text/wlasl_top100_words/no/38524.mp4,No,38524,train,1,-1,"[54, 0, 261, 240]"
assets/sign_to_text/wlasl_top100_words/no/38534.mp4,No,38534,train,1,-1,"[77, 17, 218, 192]"
assets/sign_to_text/wlasl_top100_words/thin/57948.mp4,Thin,57948,val,1,-1,"[66, 21, 206, 192]"
assets/sign_to_text/wlasl_top100_words/thin/57949.mp4,Thin,57949,train,1,-1,"[66, 21, 206, 192]"
assets/sign_to_text/wlasl_top100_words/thin/57934.mp4,Thin,57934,train,1,-1,"[427, 57, 820, 720]"
assets/sign_to_text/wlasl_top100_words/thin/57953.mp4,Thin,57953,train,1,-1,"[214, 53, 566, 400]"
assets/sign_to_text/wlasl_top100_words/thin/57935.mp4,Thin,57935,train,1,-1,"[437, 57, 825, 720]"
assets/sign_to_text/wlasl_top100_words/thin/57936.mp4,Thin,57936,train,1,-1,"[840, 75, 1596, 1075]"
assets/sign_to_text/wlasl_top100_words/thin/57937.mp4,Thin,57937,train,1,-1,"[740, 74, 1629, 1076]"
assets/sign_to_text/wlasl_top100_words/thin/66606.mp4,Thin,66606,train,1,-1,"[183, 26, 437, 370]"
assets/sign_to_text/wlasl_top100_words/thin/57939.mp4,Thin,57939,train,1,-1,"[856, 69, 1733, 1080]"
assets/sign_to_text/wlasl_top100_words/thin/57940.mp4,Thin,57940,train,1,-1,"[690, 97, 1426, 1080]"
assets/sign_to_text/wlasl_top100_words/thin/57941.mp4,Thin,57941,test,1,-1,"[823, 73, 1592, 1080]"
assets/sign_to_text/wlasl_top100_words/thin/57942.mp4,Thin,57942,train,1,-1,"[120, 0, 533, 480]"
assets/sign_to_text/wlasl_top100_words/thin/66607.mp4,Thin,66607,val,1,-1,"[169, 35, 479, 370]"
assets/sign_to_text/wlasl_top100_words/thin/57933.mp4,Thin,57933,val,1,-1,"[59, 0, 282, 240]"
assets/sign_to_text/wlasl_top100_words/thin/57943.mp4,Thin,57943,test,1,-1,"[129, 21, 550, 480]"
assets/sign_to_text/wlasl_top100_words/thin/57947.mp4,Thin,57947,train,1,-1,"[90, 24, 227, 192]"
assets/sign_to_text/wlasl_top100_words/walk/62175.mp4,Walk,62175,train,1,-1,"[201, 38, 529, 400]"
assets/sign_to_text/wlasl_top100_words/walk/62159.mp4,Walk,62159,train,1,-1,"[209, 14, 581, 414]"
assets/sign_to_text/wlasl_top100_words/walk/62160.mp4,Walk,62160,test,1,-1,"[513, 128, 1847, 1080]"
assets/sign_to_text/wlasl_top100_words/walk/62163.mp4,Walk,62163,train,1,-1,"[585, 136, 1828, 1080]"
assets/sign_to_text/wlasl_top100_words/walk/62164.mp4,Walk,62164,train,1,-1,"[122, 0, 592, 480]"
assets/sign_to_text/wlasl_top100_words/walk/66743.mp4,Walk,66743,train,1,-1,"[202, 29, 478, 370]"
assets/sign_to_text/wlasl_top100_words/walk/66742.mp4,Walk,66742,train,1,-1,"[155, 31, 517, 370]"
assets/sign_to_text/wlasl_top100_words/walk/62158.mp4,Walk,62158,val,1,-1,"[30, 0, 285, 240]"
assets/sign_to_text/wlasl_top100_words/walk/62168.mp4,Walk,62168,train,1,-1,"[76, 17, 237, 192]"
assets/sign_to_text/wlasl_top100_words/walk/62169.mp4,Walk,62169,train,1,-1,"[73, 16, 239, 192]"
assets/sign_to_text/wlasl_top100_words/walk/62170.mp4,Walk,62170,train,1,-1,"[57, 16, 224, 192]"
assets/sign_to_text/wlasl_top100_words/year/64211.mp4,Year,64211,val,1,-1,"[565, 54, 1534, 1080]"
assets/sign_to_text/wlasl_top100_words/year/64224.mp4,Year,64224,train,1,-1,"[176, 52, 537, 400]"
assets/sign_to_text/wlasl_top100_words/year/64210.mp4,Year,64210,test,1,-1,"[229, 13, 548, 414]"
assets/sign_to_text/wlasl_top100_words/year/64212.mp4,Year,64212,train,1,-1,"[642, 59, 1646, 1080]"
assets/sign_to_text/wlasl_top100_words/year/66818.mp4,Year,66818,train,1,-1,"[157, 8, 461, 370]"
assets/sign_to_text/wlasl_top100_words/year/64213.mp4,Year,64213,train,1,-1,"[82, 0, 535, 480]"
assets/sign_to_text/wlasl_top100_words/year/66816.mp4,Year,66816,train,1,-1,"[188, 33, 482, 370]"
assets/sign_to_text/wlasl_top100_words/year/64209.mp4,Year,64209,test,1,-1,"[52, 0, 274, 240]"
assets/sign_to_text/wlasl_top100_words/year/64219.mp4,Year,64219,train,1,-1,"[88, 16, 226, 192]"
assets/sign_to_text/wlasl_top100_words/year/64218.mp4,Year,64218,train,1,-1,"[72, 15, 221, 192]"
assets/sign_to_text/wlasl_top100_words/yes/69546.mp4,Yes,69546,val,1,-1,"[214, 41, 881, 720]"
assets/sign_to_text/wlasl_top100_words/yes/64287.mp4,Yes,64287,val,1,-1,"[120, 4, 526, 480]"
assets/sign_to_text/wlasl_top100_words/yes/64284.mp4,Yes,64284,train,1,-1,"[724, 29, 1675, 1080]"
assets/sign_to_text/wlasl_top100_words/yes/64291.mp4,Yes,64291,train,1,-1,"[81, 25, 212, 192]"
assets/sign_to_text/wlasl_top100_words/yes/64292.mp4,Yes,64292,train,1,-1,"[79, 23, 212, 192]"
assets/sign_to_text/wlasl_top100_words/yes/64293.mp4,Yes,64293,test,1,-1,"[70, 20, 212, 192]"
assets/sign_to_text/wlasl_top100_words/yes/66820.mp4,Yes,66820,train,1,-1,"[168, 14, 461, 370]"
assets/sign_to_text/wlasl_top100_words/yes/64280.mp4,Yes,64280,train,1,-1,"[20, 13, 258, 240]"
assets/sign_to_text/wlasl_top100_words/yes/64300.mp4,Yes,64300,train,1,-1,"[235, 44, 478, 400]"
assets/sign_to_text/wlasl_top100_words/yes/64281.mp4,Yes,64281,train,1,-1,"[222, 13, 524, 414]"
assets/sign_to_text/wlasl_top100_words/yes/64288.mp4,Yes,64288,train,1,-1,"[143, 25, 514, 480]"
assets/sign_to_text/wlasl_top100_words/yes/64283.mp4,Yes,64283,train,1,-1,"[625, 111, 1483, 1063]"
assets/sign_to_text/wlasl_top100_words/black/69236.mp4,Black,69236,val,1,-1,"[295, 38, 885, 720]"
assets/sign_to_text/wlasl_top100_words/black/06472.mp4,Black,06472,train,1,-1,"[205, 17, 524, 414]"
assets/sign_to_text/wlasl_top100_words/black/06473.mp4,Black,06473,train,1,-1,"[544, 60, 1618, 1080]"
assets/sign_to_text/wlasl_top100_words/black/06474.mp4,Black,06474,train,1,-1,"[77, 18, 515, 480]"
assets/sign_to_text/wlasl_top100_words/black/06476.mp4,Black,06476,val,1,-1,"[58, 15, 216, 192]"
assets/sign_to_text/wlasl_top100_words/black/06477.mp4,Black,06477,train,1,-1,"[48, 11, 226, 192]"
assets/sign_to_text/wlasl_top100_words/black/06478.mp4,Black,06478,train,1,-1,"[63, 8, 245, 192]"
assets/sign_to_text/wlasl_top100_words/black/65200.mp4,Black,65200,train,1,-1,"[149, 24, 479, 370]"
assets/sign_to_text/wlasl_top100_words/black/06471.mp4,Black,06471,train,1,-1,"[66, 13, 258, 240]"
assets/sign_to_text/wlasl_top100_words/black/06486.mp4,Black,06486,train,1,-1,"[131, 52, 555, 400]"
assets/sign_to_text/wlasl_top100_words/cool/69281.mp4,Cool,69281,train,1,-1,"[148, 9, 605, 480]"
assets/sign_to_text/wlasl_top100_words/cool/65403.mp4,Cool,65403,train,1,-1,"[175, 17, 495, 370]"
assets/sign_to_text/wlasl_top100_words/cool/13213.mp4,Cool,13213,train,1,-1,"[73, 16, 215, 192]"
assets/sign_to_text/wlasl_top100_words/cool/13197.mp4,Cool,13197,val,1,-1,"[504, 69, 1606, 1080]"
assets/sign_to_text/wlasl_top100_words/cool/13216.mp4,Cool,13216,train,1,-1,"[154, 51, 527, 400]"
assets/sign_to_text/wlasl_top100_words/cool/13217.mp4,Cool,13217,train,1,-1,"[161, 50, 520, 400]"
assets/sign_to_text/wlasl_top100_words/cool/13198.mp4,Cool,13198,test,1,-1,"[822, 84, 1608, 1052]"
assets/sign_to_text/wlasl_top100_words/cool/13199.mp4,Cool,13199,train,1,-1,"[609, 80, 1589, 1080]"
assets/sign_to_text/wlasl_top100_words/cool/13200.mp4,Cool,13200,train,1,-1,"[586, 95, 1564, 1080]"
assets/sign_to_text/wlasl_top100_words/cool/13201.mp4,Cool,13201,train,1,-1,"[125, 18, 533, 480]"
assets/sign_to_text/wlasl_top100_words/cool/65402.mp4,Cool,65402,val,1,-1,"[163, 19, 476, 370]"
assets/sign_to_text/wlasl_top100_words/cool/13202.mp4,Cool,13202,train,1,-1,"[114, 30, 509, 480]"
assets/sign_to_text/wlasl_top100_words/cool/13203.mp4,Cool,13203,val,1,-1,"[73, 31, 560, 480]"
assets/sign_to_text/wlasl_top100_words/cool/13196.mp4,Cool,13196,test,1,-1,"[608, 85, 1596, 1077]"
assets/sign_to_text/wlasl_top100_words/cool/13208.mp4,Cool,13208,train,1,-1,"[85, 20, 219, 192]"
assets/sign_to_text/wlasl_top100_words/cool/13209.mp4,Cool,13209,train,1,-1,"[73, 21, 200, 192]"
assets/sign_to_text/wlasl_top100_words/hot/69368.mp4,Hot,69368,val,1,-1,"[284, 42, 886, 720]"
assets/sign_to_text/wlasl_top100_words/hot/28125.mp4,Hot,28125,train,1,-1,"[197, 49, 571, 400]"
assets/sign_to_text/wlasl_top100_words/hot/28108.mp4,Hot,28108,train,1,-1,"[229, 17, 521, 414]"
assets/sign_to_text/wlasl_top100_words/hot/28109.mp4,Hot,28109,train,1,-1,"[351, 11, 818, 480]"
assets/sign_to_text/wlasl_top100_words/hot/28110.mp4,Hot,28110,train,1,-1,"[657, 78, 1430, 1080]"
assets/sign_to_text/wlasl_top100_words/hot/28111.mp4,Hot,28111,train,1,-1,"[544, 128, 1596, 1080]"
assets/sign_to_text/wlasl_top100_words/hot/28112.mp4,Hot,28112,val,1,-1,"[61, 4, 500, 480]"
assets/sign_to_text/wlasl_top100_words/hot/28115.mp4,Hot,28115,train,1,-1,"[65, 9, 207, 192]"
assets/sign_to_text/wlasl_top100_words/hot/28116.mp4,Hot,28116,train,1,-1,"[64, 11, 221, 192]"
assets/sign_to_text/wlasl_top100_words/hot/28107.mp4,Hot,28107,train,1,-1,"[51, 0, 250, 240]"
assets/sign_to_text/wlasl_top100_words/like/69389.mp4,Like,69389,test,1,-1,"[344, 36, 876, 720]"
assets/sign_to_text/wlasl_top100_words/like/33266.mp4,Like,33266,train,1,-1,"[68, 3, 234, 240]"
assets/sign_to_text/wlasl_top100_words/like/33285.mp4,Like,33285,train,1,-1,"[189, 57, 540, 400]"
assets/sign_to_text/wlasl_top100_words/like/33267.mp4,Like,33267,train,1,-1,"[408, 49, 805, 720]"
assets/sign_to_text/wlasl_top100_words/like/33286.mp4,Like,33286,test,1,-1,"[184, 61, 541, 400]"
assets/sign_to_text/wlasl_top100_words/like/33268.mp4,Like,33268,val,1,-1,"[237, 13, 584, 360]"
assets/sign_to_text/wlasl_top100_words/like/33269.mp4,Like,33269,train,1,-1,"[132, 0, 506, 477]"
assets/sign_to_text/wlasl_top100_words/like/33270.mp4,Like,33270,val,1,-1,"[114, 0, 523, 480]"
assets/sign_to_text/wlasl_top100_words/like/33273.mp4,Like,33273,train,1,-1,"[70, 11, 209, 192]"
assets/sign_to_text/wlasl_top100_words/like/33274.mp4,Like,33274,train,1,-1,"[73, 14, 213, 192]"
assets/sign_to_text/wlasl_top100_words/many/69396.mp4,Many,69396,val,1,-1,"[374, 52, 902, 720]"
assets/sign_to_text/wlasl_top100_words/many/34823.mp4,Many,34823,train,1,-1,"[26, 4, 278, 240]"
assets/sign_to_text/wlasl_top100_words/many/34824.mp4,Many,34824,train,1,-1,"[426, 54, 796, 720]"
assets/sign_to_text/wlasl_top100_words/many/34825.mp4,Many,34825,train,1,-1,"[552, 55, 1533, 1080]"
assets/sign_to_text/wlasl_top100_words/many/34826.mp4,Many,34826,train,1,-1,"[659, 80, 1618, 1072]"
assets/sign_to_text/wlasl_top100_words/many/34827.mp4,Many,34827,train,1,-1,"[124, 0, 523, 480]"
assets/sign_to_text/wlasl_top100_words/many/34830.mp4,Many,34830,train,1,-1,"[82, 14, 221, 192]"
assets/sign_to_text/wlasl_top100_words/many/34831.mp4,Many,34831,train,1,-1,"[84, 11, 230, 192]"
assets/sign_to_text/wlasl_top100_words/many/34832.mp4,Many,34832,train,1,-1,"[86, 12, 228, 192]"
assets/sign_to_text/wlasl_top100_words/many/34839.mp4,Many,34839,train,1,-1,"[223, 39, 471, 400]"
assets/sign_to_text/wlasl_top100_words/mother/69402.mp4,Mother,69402,val,1,-1,"[172, 21, 476, 480]"
assets/sign_to_text/wlasl_top100_words/mother/36946.mp4,Mother,36946,train,1,-1,"[218, 38, 468, 400]"
assets/sign_to_text/wlasl_top100_words/mother/36930.mp4,Mother,36930,train,1,-1,"[214, 17, 520, 414]"
assets/sign_to_text/wlasl_top100_words/mother/36931.mp4,Mother,36931,train,1,-1,"[715, 59, 1630, 1071]"
assets/sign_to_text/wlasl_top100_words/mother/36932.mp4,Mother,36932,train,1,-1,"[205, 17, 588, 360]"
assets/sign_to_text/wlasl_top100_words/mother/36933.mp4,Mother,36933,train,1,-1,"[150, 0, 502, 480]"
assets/sign_to_text/wlasl_top100_words/mother/36936.mp4,Mother,36936,train,1,-1,"[69, 16, 210, 192]"
assets/sign_to_text/wlasl_top100_words/mother/36937.mp4,Mother,36937,train,1,-1,"[72, 18, 210, 192]"
assets/sign_to_text/wlasl_top100_words/mother/66147.mp4,Mother,66147,train,1,-1,"[136, 27, 465, 370]"
assets/sign_to_text/wlasl_top100_words/mother/66146.mp4,Mother,66146,train,1,-1,"[190, 13, 462, 370]"
assets/sign_to_text/wlasl_top100_words/mother/36929.mp4,Mother,36929,train,1,-1,"[48, 0, 263, 240]"
assets/sign_to_text/wlasl_top100_words/orange/69422.mp4,Orange,69422,val,1,-1,"[363, 40, 871, 720]"
assets/sign_to_text/wlasl_top100_words/orange/40115.mp4,Orange,40115,train,1,-1,"[82, 32, 233, 240]"
assets/sign_to_text/wlasl_top100_words/orange/40116.mp4,Orange,40116,train,1,-1,"[223, 16, 527, 414]"
assets/sign_to_text/wlasl_top100_words/orange/40117.mp4,Orange,40117,train,1,-1,"[910, 68, 1734, 1056]"
assets/sign_to_text/wlasl_top100_words/orange/40118.mp4,Orange,40118,val,1,-1,"[140, 0, 497, 480]"
assets/sign_to_text/wlasl_top100_words/orange/40119.mp4,Orange,40119,train,1,-1,"[140, 0, 497, 480]"
assets/sign_to_text/wlasl_top100_words/orange/40121.mp4,Orange,40121,train,1,-1,"[81, 10, 222, 192]"
assets/sign_to_text/wlasl_top100_words/orange/66246.mp4,Orange,66246,train,1,-1,"[146, 2, 484, 370]"
assets/sign_to_text/wlasl_top100_words/orange/40129.mp4,Orange,40129,train,1,-1,"[175, 50, 531, 400]"
assets/sign_to_text/wlasl_top100_words/orange/40130.mp4,Orange,40130,train,1,-1,"[175, 50, 531, 400]"
assets/sign_to_text/wlasl_top100_words/thanksgiving/57628.mp4,Thanksgiving,57628,val,1,-1,"[79, 10, 242, 180]"
assets/sign_to_text/wlasl_top100_words/thanksgiving/57647.mp4,Thanksgiving,57647,train,1,-1,"[171, 50, 538, 400]"
assets/sign_to_text/wlasl_top100_words/thanksgiving/57629.mp4,Thanksgiving,57629,val,1,-1,"[41, 13, 251, 240]"
assets/sign_to_text/wlasl_top100_words/thanksgiving/57630.mp4,Thanksgiving,57630,train,1,-1,"[402, 56, 823, 720]"
assets/sign_to_text/wlasl_top100_words/thanksgiving/57631.mp4,Thanksgiving,57631,train,1,-1,"[406, 54, 825, 720]"
assets/sign_to_text/wlasl_top100_words/thanksgiving/57632.mp4,Thanksgiving,57632,train,1,-1,"[689, 87, 1577, 1074]"
assets/sign_to_text/wlasl_top100_words/thanksgiving/57633.mp4,Thanksgiving,57633,train,1,-1,"[131, 0, 560, 480]"
assets/sign_to_text/wlasl_top100_words/thanksgiving/57634.mp4,Thanksgiving,57634,train,1,-1,"[121, 31, 528, 480]"
assets/sign_to_text/wlasl_top100_words/thanksgiving/57635.mp4,Thanksgiving,57635,train,1,-1,"[150, 24, 521, 480]"
assets/sign_to_text/wlasl_top100_words/thanksgiving/57638.mp4,Thanksgiving,57638,train,1,-1,"[94, 19, 238, 192]"
assets/sign_to_text/wlasl_top100_words/thanksgiving/57639.mp4,Thanksgiving,57639,val,1,-1,"[66, 15, 209, 192]"
assets/sign_to_text/wlasl_top100_words/thanksgiving/57640.mp4,Thanksgiving,57640,test,1,-1,"[65, 16, 209, 192]"
assets/sign_to_text/wlasl_top100_words/thanksgiving/57641.mp4,Thanksgiving,57641,train,1,-1,"[64, 16, 214, 192]"
assets/sign_to_text/wlasl_top100_words/what/69531.mp4,What,69531,val,1,-1,"[155, 34, 1067, 720]"
assets/sign_to_text/wlasl_top100_words/what/62967.mp4,What,62967,test,1,-1,"[766, 98, 1727, 1080]"
assets/sign_to_text/wlasl_top100_words/what/62968.mp4,What,62968,train,1,-1,"[333, 61, 1614, 1080]"
assets/sign_to_text/wlasl_top100_words/what/62970.mp4,What,62970,train,1,-1,"[78, 9, 560, 480]"
assets/sign_to_text/wlasl_top100_words/what/66769.mp4,What,66769,train,1,-1,"[173, 7, 480, 370]"
assets/sign_to_text/wlasl_top100_words/what/62987.mp4,What,62987,test,1,-1,"[159, 58, 577, 400]"
assets/sign_to_text/wlasl_top100_words/what/62964.mp4,What,62964,train,1,-1,"[50, 0, 280, 240]"
assets/sign_to_text/wlasl_top100_words/what/62988.mp4,What,62988,val,1,-1,"[185, 61, 560, 400]"
assets/sign_to_text/wlasl_top100_words/what/62975.mp4,What,62975,test,1,-1,"[52, 24, 246, 192]"
assets/sign_to_text/wlasl_top100_words/what/62965.mp4,What,62965,val,1,-1,"[179, 13, 606, 414]"
assets/sign_to_text/wlasl_top100_words/what/62979.mp4,What,62979,train,1,-1,"[77, 2, 231, 192]"
assets/sign_to_text/wlasl_top100_words/what/62966.mp4,What,62966,train,1,-1,"[509, 75, 1631, 1080]"
assets/sign_to_text/wlasl_top100_words/woman/63679.mp4,Woman,63679,train,1,-1,"[231, 38, 486, 400]"
assets/sign_to_text/wlasl_top100_words/woman/63665.mp4,Woman,63665,train,1,-1,"[215, 16, 525, 414]"
assets/sign_to_text/wlasl_top100_words/woman/63666.mp4,Woman,63666,train,1,-1,"[216, 15, 525, 414]"
assets/sign_to_text/wlasl_top100_words/woman/63667.mp4,Woman,63667,train,1,-1,"[664, 83, 1585, 1072]"
assets/sign_to_text/wlasl_top100_words/woman/63668.mp4,Woman,63668,train,1,-1,"[913, 49, 1738, 1071]"
assets/sign_to_text/wlasl_top100_words/woman/63669.mp4,Woman,63669,val,1,-1,"[81, 14, 511, 480]"
assets/sign_to_text/wlasl_top100_words/woman/63672.mp4,Woman,63672,train,1,-1,"[71, 14, 215, 192]"
assets/sign_to_text/wlasl_top100_words/woman/63673.mp4,Woman,63673,train,1,-1,"[78, 14, 234, 192]"
assets/sign_to_text/wlasl_top100_words/woman/66798.mp4,Woman,66798,train,1,-1,"[188, 8, 488, 370]"
assets/sign_to_text/wlasl_top100_words/woman/66799.mp4,Woman,66799,train,1,-1,"[167, 2, 479, 370]"
assets/sign_to_text/wlasl_top100_words/woman/63664.mp4,Woman,63664,test,1,-1,"[33, 0, 294, 240]"
assets/sign_to_text/wlasl_top100_words/bed/05644.mp4,Bed,05644,train,1,-1,"[170, 52, 534, 400]"
assets/sign_to_text/wlasl_top100_words/bed/05629.mp4,Bed,05629,train,1,-1,"[64, 12, 265, 240]"
assets/sign_to_text/wlasl_top100_words/bed/05630.mp4,Bed,05630,train,1,-1,"[413, 57, 807, 720]"
assets/sign_to_text/wlasl_top100_words/bed/05631.mp4,Bed,05631,train,1,-1,"[617, 68, 1584, 1080]"
assets/sign_to_text/wlasl_top100_words/bed/05632.mp4,Bed,05632,train,1,-1,"[639, 79, 1541, 1080]"
assets/sign_to_text/wlasl_top100_words/bed/05633.mp4,Bed,05633,train,1,-1,"[697, 82, 1644, 1068]"
assets/sign_to_text/wlasl_top100_words/bed/05634.mp4,Bed,05634,train,1,-1,"[126, 20, 533, 480]"
assets/sign_to_text/wlasl_top100_words/bed/05636.mp4,Bed,05636,train,1,-1,"[72, 23, 218, 192]"
assets/sign_to_text/wlasl_top100_words/bed/65162.mp4,Bed,65162,train,1,-1,"[217, 31, 465, 370]"
assets/sign_to_text/wlasl_top100_words/bed/05637.mp4,Bed,05637,train,1,-1,"[74, 18, 192, 192]"
assets/sign_to_text/wlasl_top100_words/bed/65163.mp4,Bed,65163,val,1,-1,"[199, 0, 510, 370]"
assets/sign_to_text/wlasl_top100_words/bed/65161.mp4,Bed,65161,train,1,-1,"[188, 5, 495, 370]"
assets/sign_to_text/wlasl_top100_words/bed/05638.mp4,Bed,05638,train,1,-1,"[72, 17, 219, 192]"
assets/sign_to_text/wlasl_top100_words/bowling/07389.mp4,Bowling,07389,train,1,-1,"[424, 56, 833, 720]"
assets/sign_to_text/wlasl_top100_words/bowling/07390.mp4,Bowling,07390,train,1,-1,"[737, 142, 1494, 1080]"
assets/sign_to_text/wlasl_top100_words/bowling/07391.mp4,Bowling,07391,train,1,-1,"[685, 146, 1545, 1080]"
assets/sign_to_text/wlasl_top100_words/bowling/07392.mp4,Bowling,07392,train,1,-1,"[627, 134, 1450, 1069]"
assets/sign_to_text/wlasl_top100_words/bowling/07393.mp4,Bowling,07393,train,1,-1,"[428, 47, 1680, 1080]"
assets/sign_to_text/wlasl_top100_words/bowling/07394.mp4,Bowling,07394,train,1,-1,"[106, 23, 557, 480]"
assets/sign_to_text/wlasl_top100_words/bowling/07397.mp4,Bowling,07397,train,1,-1,"[69, 12, 217, 192]"
assets/sign_to_text/wlasl_top100_words/bowling/65242.mp4,Bowling,65242,train,1,-1,"[179, 18, 530, 370]"
assets/sign_to_text/wlasl_top100_words/bowling/65241.mp4,Bowling,65241,train,1,-1,"[159, 26, 477, 370]"
assets/sign_to_text/wlasl_top100_words/bowling/07388.mp4,Bowling,07388,val,1,-1,"[55, 13, 258, 240]"
assets/sign_to_text/wlasl_top100_words/bowling/07398.mp4,Bowling,07398,val,1,-1,"[84, 17, 226, 192]"
assets/sign_to_text/wlasl_top100_words/bowling/07399.mp4,Bowling,07399,train,1,-1,"[68, 10, 222, 192]"
assets/sign_to_text/wlasl_top100_words/bowling/07400.mp4,Bowling,07400,test,1,-1,"[89, 9, 213, 192]"
assets/sign_to_text/wlasl_top100_words/dog/69298.mp4,Dog,69298,train,1,-1,"[356, 40, 877, 720]"
assets/sign_to_text/wlasl_top100_words/dog/17097.mp4,Dog,17097,test,1,-1,"[133, 62, 585, 400]"
assets/sign_to_text/wlasl_top100_words/dog/17084.mp4,Dog,17084,train,1,-1,"[53, 0, 229, 240]"
assets/sign_to_text/wlasl_top100_words/dog/17085.mp4,Dog,17085,train,1,-1,"[225, 18, 521, 414]"
assets/sign_to_text/wlasl_top100_words/dog/17086.mp4,Dog,17086,train,1,-1,"[417, 61, 834, 720]"
assets/sign_to_text/wlasl_top100_words/dog/17087.mp4,Dog,17087,train,1,-1,"[101, 15, 546, 480]"
assets/sign_to_text/wlasl_top100_words/dog/17090.mp4,Dog,17090,train,1,-1,"[91, 22, 203, 192]"
assets/sign_to_text/wlasl_top100_words/dog/17091.mp4,Dog,17091,train,1,-1,"[105, 20, 213, 192]"
assets/sign_to_text/wlasl_top100_words/dog/65506.mp4,Dog,65506,test,1,-1,"[175, 16, 496, 370]"
assets/sign_to_text/wlasl_top100_words/dog/65507.mp4,Dog,65507,train,1,-1,"[146, 18, 475, 370]"
assets/sign_to_text/wlasl_top100_words/dog/17083.mp4,Dog,17083,val,1,-1,"[53, 0, 233, 240]"
assets/sign_to_text/wlasl_top100_words/family/69316.mp4,Family,69316,val,1,-1,"[334, 15, 960, 720]"
assets/sign_to_text/wlasl_top100_words/family/20980.mp4,Family,20980,train,1,-1,"[218, 18, 529, 414]"
assets/sign_to_text/wlasl_top100_words/family/20981.mp4,Family,20981,train,1,-1,"[307, 9, 790, 480]"
assets/sign_to_text/wlasl_top100_words/family/20982.mp4,Family,20982,train,1,-1,"[688, 43, 1555, 1080]"
assets/sign_to_text/wlasl_top100_words/family/20983.mp4,Family,20983,train,1,-1,"[60, 0, 557, 480]"
assets/sign_to_text/wlasl_top100_words/family/20986.mp4,Family,20986,train,1,-1,"[84, 12, 218, 192]"
assets/sign_to_text/wlasl_top100_words/family/20987.mp4,Family,20987,train,1,-1,"[79, 13, 210, 192]"
assets/sign_to_text/wlasl_top100_words/family/65677.mp4,Family,65677,train,1,-1,"[167, 31, 467, 370]"
assets/sign_to_text/wlasl_top100_words/family/20978.mp4,Family,20978,train,1,-1,"[63, 7, 227, 180]"
assets/sign_to_text/wlasl_top100_words/family/20992.mp4,Family,20992,train,1,-1,"[217, 35, 489, 400]"
assets/sign_to_text/wlasl_top100_words/family/20979.mp4,Family,20979,train,1,-1,"[69, 0, 259, 240]"
assets/sign_to_text/wlasl_top100_words/fish/69325.mp4,Fish,69325,train,1,-1,"[311, 0, 1071, 720]"
assets/sign_to_text/wlasl_top100_words/fish/22130.mp4,Fish,22130,train,1,-1,"[166, 52, 551, 400]"
assets/sign_to_text/wlasl_top100_words/fish/22114.mp4,Fish,22114,val,1,-1,"[55, 13, 265, 240]"
assets/sign_to_text/wlasl_top100_words/fish/22115.mp4,Fish,22115,train,1,-1,"[403, 57, 843, 720]"
assets/sign_to_text/wlasl_top100_words/fish/22116.mp4,Fish,22116,train,1,-1,"[710, 70, 1594, 1070]"
assets/sign_to_text/wlasl_top100_words/fish/22117.mp4,Fish,22117,test,1,-1,"[36, 9, 540, 480]"
assets/sign_to_text/wlasl_top100_words/fish/22120.mp4,Fish,22120,train,1,-1,"[73, 14, 221, 192]"
assets/sign_to_text/wlasl_top100_words/fish/22121.mp4,Fish,22121,train,1,-1,"[74, 16, 221, 192]"
assets/sign_to_text/wlasl_top100_words/fish/65731.mp4,Fish,65731,train,1,-1,"[160, 18, 467, 370]"
assets/sign_to_text/wlasl_top100_words/fish/22113.mp4,Fish,22113,val,1,-1,"[98, 12, 236, 180]"
assets/sign_to_text/wlasl_top100_words/graduate/25339.mp4,Graduate,25339,train,1,-1,"[175, 60, 532, 400]"
assets/sign_to_text/wlasl_top100_words/graduate/25322.mp4,Graduate,25322,train,1,-1,"[431, 59, 827, 720]"
assets/sign_to_text/wlasl_top100_words/graduate/25323.mp4,Graduate,25323,train,1,-1,"[538, 131, 1504, 1071]"
assets/sign_to_text/wlasl_top100_words/graduate/25324.mp4,Graduate,25324,train,1,-1,"[586, 116, 1418, 1080]"
assets/sign_to_text/wlasl_top100_words/graduate/25325.mp4,Graduate,25325,train,1,-1,"[575, 117, 1467, 1080]"
assets/sign_to_text/wlasl_top100_words/graduate/25326.mp4,Graduate,25326,train,1,-1,"[35, 0, 547, 480]"
assets/sign_to_text/wlasl_top100_words/graduate/65843.mp4,Graduate,65843,val,1,-1,"[171, 39, 485, 370]"
assets/sign_to_text/wlasl_top100_words/graduate/25329.mp4,Graduate,25329,train,1,-1,"[74, 15, 214, 192]"
assets/sign_to_text/wlasl_top100_words/graduate/25330.mp4,Graduate,25330,val,1,-1,"[63, 11, 212, 192]"
assets/sign_to_text/wlasl_top100_words/graduate/25321.mp4,Graduate,25321,train,1,-1,"[51, 4, 251, 240]"
assets/sign_to_text/wlasl_top100_words/language/32156.mp4,Language,32156,val,1,-1,"[236, 72, 1641, 1080]"
assets/sign_to_text/wlasl_top100_words/language/32157.mp4,Language,32157,test,1,-1,"[223, 89, 1635, 1080]"
assets/sign_to_text/wlasl_top100_words/language/32158.mp4,Language,32158,train,1,-1,"[298, 77, 1648, 1080]"
assets/sign_to_text/wlasl_top100_words/language/32160.mp4,Language,32160,train,1,-1,"[36, 0, 616, 480]"
assets/sign_to_text/wlasl_top100_words/language/32163.mp4,Language,32163,train,1,-1,"[61, 14, 231, 192]"
assets/sign_to_text/wlasl_top100_words/language/66008.mp4,Language,66008,train,1,-1,"[179, 14, 537, 370]"
assets/sign_to_text/wlasl_top100_words/language/66007.mp4,Language,66007,train,1,-1,"[191, 14, 501, 370]"
assets/sign_to_text/wlasl_top100_words/language/32154.mp4,Language,32154,val,1,-1,"[44, 3, 277, 240]"
assets/sign_to_text/wlasl_top100_words/language/32167.mp4,Language,32167,test,1,-1,"[174, 53, 532, 400]"
assets/sign_to_text/wlasl_top100_words/language/32155.mp4,Language,32155,train,1,-1,"[204, 92, 1777, 1080]"
assets/sign_to_text/wlasl_top100_words/later/32337.mp4,Later,32337,train,1,-1,"[178, 55, 542, 400]"
assets/sign_to_text/wlasl_top100_words/later/32338.mp4,Later,32338,train,1,-1,"[178, 55, 542, 400]"
assets/sign_to_text/wlasl_top100_words/later/32320.mp4,Later,32320,val,1,-1,"[48, 2, 249, 240]"
assets/sign_to_text/wlasl_top100_words/later/32321.mp4,Later,32321,train,1,-1,"[523, 99, 1517, 1080]"
assets/sign_to_text/wlasl_top100_words/later/32322.mp4,Later,32322,train,1,-1,"[488, 106, 1527, 1080]"
assets/sign_to_text/wlasl_top100_words/later/32323.mp4,Later,32323,val,1,-1,"[446, 99, 1512, 1080]"
assets/sign_to_text/wlasl_top100_words/later/32324.mp4,Later,32324,train,1,-1,"[729, 144, 1557, 1077]"
assets/sign_to_text/wlasl_top100_words/later/32325.mp4,Later,32325,val,1,-1,"[358, 12, 794, 480]"
assets/sign_to_text/wlasl_top100_words/later/66015.mp4,Later,66015,val,1,-1,"[201, 30, 526, 370]"
assets/sign_to_text/wlasl_top100_words/later/32326.mp4,Later,32326,train,1,-1,"[111, 0, 529, 480]"
assets/sign_to_text/wlasl_top100_words/later/66014.mp4,Later,66014,train,1,-1,"[157, 13, 484, 370]"
assets/sign_to_text/wlasl_top100_words/later/32333.mp4,Later,32333,train,1,-1,"[67, 15, 215, 192]"
assets/sign_to_text/wlasl_top100_words/man/69395.mp4,Man,69395,val,1,-1,"[346, 24, 1037, 720]"
assets/sign_to_text/wlasl_top100_words/man/34746.mp4,Man,34746,train,1,-1,"[214, 37, 479, 400]"
assets/sign_to_text/wlasl_top100_words/man/34733.mp4,Man,34733,train,1,-1,"[183, 17, 527, 414]"
assets/sign_to_text/wlasl_top100_words/man/34734.mp4,Man,34734,train,1,-1,"[143, 11, 522, 414]"
assets/sign_to_text/wlasl_top100_words/man/34736.mp4,Man,34736,train,1,-1,"[462, 73, 1617, 1080]"
assets/sign_to_text/wlasl_top100_words/man/34737.mp4,Man,34737,train,1,-1,"[851, 60, 1746, 1067]"
assets/sign_to_text/wlasl_top100_words/man/34738.mp4,Man,34738,train,1,-1,"[127, 17, 577, 480]"
assets/sign_to_text/wlasl_top100_words/man/66098.mp4,Man,66098,train,1,-1,"[135, 27, 464, 370]"
assets/sign_to_text/wlasl_top100_words/man/66099.mp4,Man,66099,train,1,-1,"[150, 27, 461, 370]"
assets/sign_to_text/wlasl_top100_words/man/66097.mp4,Man,66097,val,1,-1,"[143, 7, 464, 370]"
assets/sign_to_text/wlasl_top100_words/man/34732.mp4,Man,34732,train,1,-1,"[36, 0, 248, 240]"
assets/sign_to_text/wlasl_top100_words/man/34742.mp4,Man,34742,train,1,-1,"[66, 10, 221, 192]"
assets/sign_to_text/wlasl_top100_words/shirt/51057.mp4,Shirt,51057,train,1,-1,"[189, 14, 522, 414]"
assets/sign_to_text/wlasl_top100_words/shirt/51081.mp4,Shirt,51081,val,1,-1,"[178, 51, 567, 400]"
assets/sign_to_text/wlasl_top100_words/shirt/51056.mp4,Shirt,51056,train,1,-1,"[26, 0, 278, 240]"
assets/sign_to_text/wlasl_top100_words/shirt/51058.mp4,Shirt,51058,train,1,-1,"[209, 17, 526, 414]"
assets/sign_to_text/wlasl_top100_words/shirt/51059.mp4,Shirt,51059,train,1,-1,"[231, 13, 575, 414]"
assets/sign_to_text/wlasl_top100_words/shirt/51060.mp4,Shirt,51060,train,1,-1,"[737, 78, 1666, 1077]"
assets/sign_to_text/wlasl_top100_words/shirt/51061.mp4,Shirt,51061,train,1,-1,"[53, 0, 527, 480]"
assets/sign_to_text/wlasl_top100_words/shirt/51063.mp4,Shirt,51063,train,1,-1,"[70, 17, 218, 192]"
assets/sign_to_text/wlasl_top100_words/shirt/51064.mp4,Shirt,51064,train,1,-1,"[62, 17, 214, 192]"
assets/sign_to_text/wlasl_top100_words/shirt/51066.mp4,Shirt,51066,test,1,-1,"[65, 17, 213, 192]"
assets/sign_to_text/wlasl_top100_words/shirt/51067.mp4,Shirt,51067,val,1,-1,"[65, 12, 216, 192]"
assets/sign_to_text/wlasl_top100_words/shirt/51068.mp4,Shirt,51068,test,1,-1,"[71, 14, 224, 192]"
assets/sign_to_text/wlasl_top100_words/study/55364.mp4,Study,55364,train,1,-1,"[598, 84, 1393, 1080]"
assets/sign_to_text/wlasl_top100_words/study/55365.mp4,Study,55365,train,1,-1,"[126, 0, 604, 480]"
assets/sign_to_text/wlasl_top100_words/study/55366.mp4,Study,55366,train,1,-1,"[147, 24, 531, 480]"
assets/sign_to_text/wlasl_top100_words/study/55368.mp4,Study,55368,train,1,-1,"[68, 24, 216, 192]"
assets/sign_to_text/wlasl_top100_words/study/55369.mp4,Study,55369,train,1,-1,"[58, 23, 208, 192]"
assets/sign_to_text/wlasl_top100_words/study/66575.mp4,Study,66575,train,1,-1,"[194, 24, 474, 370]"
assets/sign_to_text/wlasl_top100_words/study/55361.mp4,Study,55361,train,1,-1,"[73, 8, 232, 180]"
assets/sign_to_text/wlasl_top100_words/study/55375.mp4,Study,55375,test,1,-1,"[190, 52, 574, 400]"
assets/sign_to_text/wlasl_top100_words/study/55362.mp4,Study,55362,train,1,-1,"[52, 0, 263, 240]"
assets/sign_to_text/wlasl_top100_words/study/55363.mp4,Study,55363,train,1,-1,"[390, 50, 799, 720]"
assets/sign_to_text/wlasl_top100_words/tall/56852.mp4,Tall,56852,train,1,-1,"[205, 53, 569, 400]"
assets/sign_to_text/wlasl_top100_words/tall/56838.mp4,Tall,56838,train,1,-1,"[182, 1, 526, 414]"
assets/sign_to_text/wlasl_top100_words/tall/56839.mp4,Tall,56839,train,1,-1,"[620, 70, 1619, 1070]"
assets/sign_to_text/wlasl_top100_words/tall/56840.mp4,Tall,56840,val,1,-1,"[409, 38, 1075, 720]"
assets/sign_to_text/wlasl_top100_words/tall/56841.mp4,Tall,56841,train,1,-1,"[451, 55, 1451, 1080]"
assets/sign_to_text/wlasl_top100_words/tall/56842.mp4,Tall,56842,train,1,-1,"[683, 64, 1554, 1075]"
assets/sign_to_text/wlasl_top100_words/tall/56843.mp4,Tall,56843,test,1,-1,"[73, 0, 557, 480]"
assets/sign_to_text/wlasl_top100_words/tall/56844.mp4,Tall,56844,train,1,-1,"[146, 19, 549, 480]"
assets/sign_to_text/wlasl_top100_words/tall/66591.mp4,Tall,66591,val,1,-1,"[163, 10, 468, 370]"
assets/sign_to_text/wlasl_top100_words/tall/56846.mp4,Tall,56846,train,1,-1,"[35, 0, 220, 192]"
assets/sign_to_text/wlasl_top100_words/tall/66592.mp4,Tall,66592,train,1,-1,"[135, 19, 462, 370]"
assets/sign_to_text/wlasl_top100_words/tall/56837.mp4,Tall,56837,train,1,-1,"[64, 0, 264, 240]"
assets/sign_to_text/wlasl_top100_words/tall/56848.mp4,Tall,56848,train,1,-1,"[65, 10, 211, 192]"
assets/sign_to_text/wlasl_top100_words/white/69533.mp4,White,69533,val,1,-1,"[366, 40, 875, 720]"
assets/sign_to_text/wlasl_top100_words/white/63204.mp4,White,63204,train,1,-1,"[745, 44, 1532, 1080]"
assets/sign_to_text/wlasl_top100_words/white/63205.mp4,White,63205,train,1,-1,"[109, 5, 519, 480]"
assets/sign_to_text/wlasl_top100_words/white/63207.mp4,White,63207,train,1,-1,"[82, 14, 226, 192]"
assets/sign_to_text/wlasl_top100_words/white/63208.mp4,White,63208,train,1,-1,"[73, 13, 224, 192]"
assets/sign_to_text/wlasl_top100_words/white/63200.mp4,White,63200,train,1,-1,"[28, 0, 290, 240]"
assets/sign_to_text/wlasl_top100_words/white/63214.mp4,White,63214,train,1,-1,"[183, 52, 544, 400]"
assets/sign_to_text/wlasl_top100_words/white/63201.mp4,White,63201,test,1,-1,"[237, 13, 537, 414]"
assets/sign_to_text/wlasl_top100_words/white/63202.mp4,White,63202,train,1,-1,"[410, 57, 816, 720]"
assets/sign_to_text/wlasl_top100_words/white/63203.mp4,White,63203,train,1,-1,"[640, 39, 1468, 1080]"
assets/sign_to_text/wlasl_top100_words/accident/00639.mp4,Accident,00639,train,1,-1,"[180, 45, 574, 400]"
assets/sign_to_text/wlasl_top100_words/accident/00624.mp4,Accident,00624,train,1,-1,"[42, 6, 278, 240]"
assets/sign_to_text/wlasl_top100_words/accident/00625.mp4,Accident,00625,test,1,-1,"[675, 50, 1461, 1080]"
assets/sign_to_text/wlasl_top100_words/accident/00626.mp4,Accident,00626,val,1,-1,"[485, 85, 1608, 1080]"
assets/sign_to_text/wlasl_top100_words/accident/00627.mp4,Accident,00627,val,1,-1,"[662, 54, 1434, 1080]"
assets/sign_to_text/wlasl_top100_words/accident/00628.mp4,Accident,00628,train,1,-1,"[677, 98, 1386, 1080]"
assets/sign_to_text/wlasl_top100_words/accident/00629.mp4,Accident,00629,train,1,-1,"[69, 23, 613, 480]"
assets/sign_to_text/wlasl_top100_words/accident/00631.mp4,Accident,00631,train,1,-1,"[40, 15, 252, 192]"
assets/sign_to_text/wlasl_top100_words/accident/00632.mp4,Accident,00632,train,1,-1,"[53, 14, 218, 192]"
assets/sign_to_text/wlasl_top100_words/accident/65009.mp4,Accident,65009,train,1,-1,"[622, 126, 1450, 1079]"
assets/sign_to_text/wlasl_top100_words/accident/00623.mp4,Accident,00623,train,1,-1,"[54, 6, 272, 240]"
assets/sign_to_text/wlasl_top100_words/accident/00633.mp4,Accident,00633,train,1,-1,"[81, 16, 223, 192]"
assets/sign_to_text/wlasl_top100_words/accident/00634.mp4,Accident,00634,test,1,-1,"[61, 12, 227, 192]"
assets/sign_to_text/wlasl_top100_words/apple/69213.mp4,Apple,69213,val,1,-1,"[304, 41, 916, 720]"
assets/sign_to_text/wlasl_top100_words/apple/03005.mp4,Apple,03005,train,1,-1,"[64, 15, 229, 192]"
assets/sign_to_text/wlasl_top100_words/apple/03008.mp4,Apple,03008,train,1,-1,"[158, 50, 541, 399]"
assets/sign_to_text/wlasl_top100_words/apple/65085.mp4,Apple,65085,train,1,-1,"[207, 0, 520, 370]"
assets/sign_to_text/wlasl_top100_words/apple/65086.mp4,Apple,65086,val,1,-1,"[206, 0, 535, 370]"
assets/sign_to_text/wlasl_top100_words/apple/65084.mp4,Apple,65084,train,1,-1,"[119, 4, 486, 370]"
assets/sign_to_text/wlasl_top100_words/apple/02999.mp4,Apple,02999,val,1,-1,"[44, 0, 232, 240]"
assets/sign_to_text/wlasl_top100_words/apple/03000.mp4,Apple,03000,train,1,-1,"[41, 13, 259, 240]"
assets/sign_to_text/wlasl_top100_words/apple/03001.mp4,Apple,03001,train,1,-1,"[350, 53, 815, 720]"
assets/sign_to_text/wlasl_top100_words/apple/03002.mp4,Apple,03002,train,1,-1,"[212, 17, 526, 414]"
assets/sign_to_text/wlasl_top100_words/apple/03003.mp4,Apple,03003,train,1,-1,"[24, 13, 526, 480]"
assets/sign_to_text/wlasl_top100_words/bird/69233.mp4,Bird,69233,val,1,-1,"[550, 70, 1377, 1080]"
assets/sign_to_text/wlasl_top100_words/bird/06333.mp4,Bird,06333,train,1,-1,"[726, 78, 1601, 1077]"
assets/sign_to_text/wlasl_top100_words/bird/06334.mp4,Bird,06334,train,1,-1,"[656, 92, 1563, 1064]"
assets/sign_to_text/wlasl_top100_words/bird/06335.mp4,Bird,06335,test,1,-1,"[86, 18, 509, 480]"
assets/sign_to_text/wlasl_top100_words/bird/06337.mp4,Bird,06337,train,1,-1,"[71, 18, 210, 192]"
assets/sign_to_text/wlasl_top100_words/bird/65187.mp4,Bird,65187,train,1,-1,"[157, 17, 460, 370]"
assets/sign_to_text/wlasl_top100_words/bird/06330.mp4,Bird,06330,val,1,-1,"[90, 12, 232, 180]"
assets/sign_to_text/wlasl_top100_words/bird/06343.mp4,Bird,06343,train,1,-1,"[175, 52, 533, 400]"
assets/sign_to_text/wlasl_top100_words/bird/06331.mp4,Bird,06331,train,1,-1,"[37, 6, 256, 240]"
assets/sign_to_text/wlasl_top100_words/bird/06332.mp4,Bird,06332,train,1,-1,"[219, 16, 530, 414]"
assets/sign_to_text/wlasl_top100_words/change/09966.mp4,Change,09966,train,1,-1,"[48, 11, 215, 192]"
assets/sign_to_text/wlasl_top100_words/change/09967.mp4,Change,09967,train,1,-1,"[65, 13, 222, 192]"
assets/sign_to_text/wlasl_top100_words/change/09950.mp4,Change,09950,test,1,-1,"[64, 4, 266, 240]"
assets/sign_to_text/wlasl_top100_words/change/09970.mp4,Change,09970,train,1,-1,"[190, 56, 551, 400]"
assets/sign_to_text/wlasl_top100_words/change/09953.mp4,Change,09953,train,1,-1,"[423, 55, 817, 720]"
assets/sign_to_text/wlasl_top100_words/change/09954.mp4,Change,09954,train,1,-1,"[753, 142, 1517, 1080]"
assets/sign_to_text/wlasl_top100_words/change/09955.mp4,Change,09955,val,1,-1,"[367, 6, 827, 480]"
assets/sign_to_text/wlasl_top100_words/change/09956.mp4,Change,09956,train,1,-1,"[736, 143, 1527, 1080]"
assets/sign_to_text/wlasl_top100_words/change/09957.mp4,Change,09957,val,1,-1,"[112, 19, 561, 480]"
assets/sign_to_text/wlasl_top100_words/change/09949.mp4,Change,09949,train,1,-1,"[94, 12, 223, 180]"
assets/sign_to_text/wlasl_top100_words/change/09960.mp4,Change,09960,train,1,-1,"[149, 0, 591, 480]"
assets/sign_to_text/wlasl_top100_words/change/09963.mp4,Change,09963,train,1,-1,"[80, 14, 203, 192]"
assets/sign_to_text/wlasl_top100_words/corn/69282.mp4,Corn,69282,train,1,-1,"[317, 29, 861, 720]"
assets/sign_to_text/wlasl_top100_words/corn/13337.mp4,Corn,13337,train,1,-1,"[157, 54, 530, 400]"
assets/sign_to_text/wlasl_top100_words/corn/13325.mp4,Corn,13325,test,1,-1,"[61, 15, 292, 240]"
assets/sign_to_text/wlasl_top100_words/corn/13326.mp4,Corn,13326,train,1,-1,"[333, 33, 1027, 720]"
assets/sign_to_text/wlasl_top100_words/corn/13327.mp4,Corn,13327,train,1,-1,"[382, 27, 1022, 719]"
assets/sign_to_text/wlasl_top100_words/corn/13328.mp4,Corn,13328,train,1,-1,"[677, 75, 1599, 1074]"
assets/sign_to_text/wlasl_top100_words/corn/13329.mp4,Corn,13329,train,1,-1,"[87, 24, 522, 480]"
assets/sign_to_text/wlasl_top100_words/corn/65408.mp4,Corn,65408,train,1,-1,"[144, 25, 440, 370]"
assets/sign_to_text/wlasl_top100_words/corn/65409.mp4,Corn,65409,train,1,-1,"[92, 11, 506, 370]"
assets/sign_to_text/wlasl_top100_words/corn/13323.mp4,Corn,13323,train,1,-1,"[12, 0, 271, 240]"
assets/sign_to_text/wlasl_top100_words/corn/13333.mp4,Corn,13333,train,1,-1,"[68, 14, 225, 192]"
assets/sign_to_text/wlasl_top100_words/corn/13334.mp4,Corn,13334,test,1,-1,"[67, 9, 218, 192]"
assets/sign_to_text/wlasl_top100_words/dark/69290.mp4,Dark,69290,train,1,-1,"[186, 0, 1101, 720]"
assets/sign_to_text/wlasl_top100_words/dark/14673.mp4,Dark,14673,test,1,-1,"[520, 34, 1709, 1080]"
assets/sign_to_text/wlasl_top100_words/dark/14674.mp4,Dark,14674,train,1,-1,"[479, 31, 1735, 1080]"
assets/sign_to_text/wlasl_top100_words/dark/14675.mp4,Dark,14675,train,1,-1,"[56, 29, 620, 480]"
assets/sign_to_text/wlasl_top100_words/dark/14676.mp4,Dark,14676,train,1,-1,"[79, 26, 581, 480]"
assets/sign_to_text/wlasl_top100_words/dark/14680.mp4,Dark,14680,train,1,-1,"[47, 6, 237, 192]"
assets/sign_to_text/wlasl_top100_words/dark/65439.mp4,Dark,65439,train,1,-1,"[159, 1, 521, 370]"
assets/sign_to_text/wlasl_top100_words/dark/65440.mp4,Dark,65440,train,1,-1,"[156, 10, 531, 370]"
assets/sign_to_text/wlasl_top100_words/dark/14671.mp4,Dark,14671,train,1,-1,"[39, 0, 288, 240]"
assets/sign_to_text/wlasl_top100_words/dark/14681.mp4,Dark,14681,train,1,-1,"[69, 5, 221, 192]"
assets/sign_to_text/wlasl_top100_words/dark/14685.mp4,Dark,14685,test,1,-1,"[169, 52, 568, 400]"
assets/sign_to_text/wlasl_top100_words/dark/14672.mp4,Dark,14672,val,1,-1,"[451, 37, 1746, 1080]"
assets/sign_to_text/wlasl_top100_words/doctor/17015.mp4,Doctor,17015,train,1,-1,"[229, 14, 528, 414]"
assets/sign_to_text/wlasl_top100_words/doctor/17016.mp4,Doctor,17016,val,1,-1,"[351, 18, 756, 480]"
assets/sign_to_text/wlasl_top100_words/doctor/17017.mp4,Doctor,17017,train,1,-1,"[93, 12, 562, 480]"
assets/sign_to_text/wlasl_top100_words/doctor/17019.mp4,Doctor,17019,train,1,-1,"[93, 20, 203, 192]"
assets/sign_to_text/wlasl_top100_words/doctor/17020.mp4,Doctor,17020,test,1,-1,"[91, 21, 201, 192]"
assets/sign_to_text/wlasl_top100_words/doctor/65503.mp4,Doctor,65503,train,1,-1,"[158, 18, 452, 370]"
assets/sign_to_text/wlasl_top100_words/doctor/65504.mp4,Doctor,65504,train,1,-1,"[146, 16, 458, 370]"
assets/sign_to_text/wlasl_top100_words/doctor/17013.mp4,Doctor,17013,train,1,-1,"[57, 0, 231, 240]"
assets/sign_to_text/wlasl_top100_words/doctor/17026.mp4,Doctor,17026,train,1,-1,"[189, 63, 546, 400]"
assets/sign_to_text/wlasl_top100_words/doctor/17014.mp4,Doctor,17014,train,1,-1,"[233, 13, 524, 414]"
assets/sign_to_text/wlasl_top100_words/give/69343.mp4,Give,69343,train,1,-1,"[132, 45, 949, 720]"
assets/sign_to_text/wlasl_top100_words/give/24660.mp4,Give,24660,train,1,-1,"[181, 63, 541, 400]"
assets/sign_to_text/wlasl_top100_words/give/24638.mp4,Give,24638,train,1,-1,"[677, 133, 1465, 1062]"
assets/sign_to_text/wlasl_top100_words/give/24639.mp4,Give,24639,val,1,-1,"[612, 134, 1464, 1066]"
assets/sign_to_text/wlasl_top100_words/give/24640.mp4,Give,24640,train,1,-1,"[627, 96, 1364, 1080]"
assets/sign_to_text/wlasl_top100_words/give/24641.mp4,Give,24641,val,1,-1,"[79, 8, 572, 480]"
assets/sign_to_text/wlasl_top100_words/give/24636.mp4,Give,24636,test,1,-1,"[31, 0, 272, 240]"
assets/sign_to_text/wlasl_top100_words/give/24648.mp4,Give,24648,train,1,-1,"[49, 8, 245, 192]"
assets/sign_to_text/wlasl_top100_words/give/24649.mp4,Give,24649,test,1,-1,"[89, 19, 219, 192]"
assets/sign_to_text/wlasl_top100_words/give/24651.mp4,Give,24651,train,1,-1,"[74, 16, 221, 192]"
assets/sign_to_text/wlasl_top100_words/last/66010.mp4,Last,66010,train,1,-1,"[194, 13, 502, 370]"
assets/sign_to_text/wlasl_top100_words/last/32263.mp4,Last,32263,val,1,-1,"[168, 56, 547, 400]"
assets/sign_to_text/wlasl_top100_words/last/32248.mp4,Last,32248,train,1,-1,"[553, 64, 1679, 1080]"
assets/sign_to_text/wlasl_top100_words/last/32249.mp4,Last,32249,train,1,-1,"[146, 0, 572, 480]"
assets/sign_to_text/wlasl_top100_words/last/32250.mp4,Last,32250,train,1,-1,"[139, 31, 518, 480]"
assets/sign_to_text/wlasl_top100_words/last/32253.mp4,Last,32253,test,1,-1,"[65, 9, 219, 192]"
assets/sign_to_text/wlasl_top100_words/last/32254.mp4,Last,32254,train,1,-1,"[74, 7, 221, 192]"
assets/sign_to_text/wlasl_top100_words/last/32255.mp4,Last,32255,val,1,-1,"[67, 14, 216, 192]"
assets/sign_to_text/wlasl_top100_words/last/32246.mp4,Last,32246,test,1,-1,"[36, 33, 247, 240]"
assets/sign_to_text/wlasl_top100_words/last/32257.mp4,Last,32257,train,1,-1,"[43, 3, 212, 192]"
assets/sign_to_text/wlasl_top100_words/last/32260.mp4,Last,32260,train,1,-1,"[174, 51, 560, 400]"
assets/sign_to_text/wlasl_top100_words/last/32261.mp4,Last,32261,train,1,-1,"[155, 61, 542, 400]"
assets/sign_to_text/wlasl_top100_words/pizza/69431.mp4,Pizza,69431,test,1,-1,"[339, 35, 924, 720]"
assets/sign_to_text/wlasl_top100_words/pizza/42977.mp4,Pizza,42977,val,1,-1,"[226, 34, 486, 400]"
assets/sign_to_text/wlasl_top100_words/pizza/42958.mp4,Pizza,42958,train,1,-1,"[413, 55, 812, 720]"
assets/sign_to_text/wlasl_top100_words/pizza/42959.mp4,Pizza,42959,train,1,-1,"[351, 59, 819, 720]"
assets/sign_to_text/wlasl_top100_words/pizza/42960.mp4,Pizza,42960,test,1,-1,"[799, 68, 1614, 1062]"
assets/sign_to_text/wlasl_top100_words/pizza/42961.mp4,Pizza,42961,train,1,-1,"[576, 79, 1648, 1077]"
assets/sign_to_text/wlasl_top100_words/pizza/66297.mp4,Pizza,66297,train,1,-1,"[210, 7, 477, 370]"
assets/sign_to_text/wlasl_top100_words/pizza/42962.mp4,Pizza,42962,val,1,-1,"[113, 0, 522, 480]"
assets/sign_to_text/wlasl_top100_words/pizza/42956.mp4,Pizza,42956,train,1,-1,"[46, 0, 234, 240]"
assets/sign_to_text/wlasl_top100_words/pizza/42966.mp4,Pizza,42966,train,1,-1,"[63, 8, 219, 192]"
assets/sign_to_text/wlasl_top100_words/pizza/42967.mp4,Pizza,42967,train,1,-1,"[70, 14, 224, 192]"
assets/sign_to_text/wlasl_top100_words/pizza/42969.mp4,Pizza,42969,train,1,-1,"[54, 15, 219, 192]"
assets/sign_to_text/wlasl_top100_words/play/69433.mp4,Play,69433,test,1,-1,"[295, 40, 962, 720]"
assets/sign_to_text/wlasl_top100_words/play/43166.mp4,Play,43166,val,1,-1,"[49, 12, 273, 240]"
assets/sign_to_text/wlasl_top100_words/play/43170.mp4,Play,43170,train,1,-1,"[175, 0, 571, 480]"
assets/sign_to_text/wlasl_top100_words/play/43171.mp4,Play,43171,test,1,-1,"[147, 0, 593, 480]"
assets/sign_to_text/wlasl_top100_words/play/43173.mp4,Play,43173,train,1,-1,"[74, 7, 226, 192]"
assets/sign_to_text/wlasl_top100_words/play/43174.mp4,Play,43174,train,1,-1,"[64, 11, 231, 192]"
assets/sign_to_text/wlasl_top100_words/play/43179.mp4,Play,43179,train,1,-1,"[190, 47, 561, 400]"
assets/sign_to_text/wlasl_top100_words/play/43180.mp4,Play,43180,train,1,-1,"[182, 37, 559, 400]"
assets/sign_to_text/wlasl_top100_words/play/43167.mp4,Play,43167,train,1,-1,"[222, 17, 521, 414]"
assets/sign_to_text/wlasl_top100_words/play/43168.mp4,Play,43168,train,1,-1,"[489, 129, 1615, 1065]"
assets/sign_to_text/wlasl_top100_words/play/43169.mp4,Play,43169,train,1,-1,"[240, 10, 626, 360]"
assets/sign_to_text/wlasl_top100_words/secretary/50037.mp4,Secretary,50037,train,1,-1,"[25, 0, 290, 240]"
assets/sign_to_text/wlasl_top100_words/secretary/50038.mp4,Secretary,50038,train,1,-1,"[218, 15, 549, 414]"
assets/sign_to_text/wlasl_top100_words/secretary/50039.mp4,Secretary,50039,train,1,-1,"[549, 81, 1415, 1080]"
assets/sign_to_text/wlasl_top100_words/secretary/50040.mp4,Secretary,50040,train,1,-1,"[609, 66, 1407, 1080]"
assets/sign_to_text/wlasl_top100_words/secretary/50041.mp4,Secretary,50041,test,1,-1,"[103, 0, 582, 480]"
assets/sign_to_text/wlasl_top100_words/secretary/50044.mp4,Secretary,50044,train,1,-1,"[74, 14, 239, 192]"
assets/sign_to_text/wlasl_top100_words/secretary/50045.mp4,Secretary,50045,train,1,-1,"[58, 16, 228, 192]"
assets/sign_to_text/wlasl_top100_words/secretary/66441.mp4,Secretary,66441,train,1,-1,"[141, 32, 494, 370]"
assets/sign_to_text/wlasl_top100_words/secretary/50046.mp4,Secretary,50046,train,1,-1,"[49, 7, 216, 192]"
assets/sign_to_text/wlasl_top100_words/secretary/50052.mp4,Secretary,50052,val,1,-1,"[194, 49, 571, 400]"
assets/sign_to_text/wlasl_top100_words/short/51221.mp4,Short,51221,train,1,-1,"[171, 14, 525, 414]"
assets/sign_to_text/wlasl_top100_words/short/51223.mp4,Short,51223,train,1,-1,"[700, 66, 1636, 1073]"
assets/sign_to_text/wlasl_top100_words/short/51224.mp4,Short,51224,val,1,-1,"[693, 70, 1631, 1073]"
assets/sign_to_text/wlasl_top100_words/short/51225.mp4,Short,51225,train,1,-1,"[85, 20, 562, 480]"
assets/sign_to_text/wlasl_top100_words/short/51226.mp4,Short,51226,train,1,-1,"[31, 0, 527, 480]"
assets/sign_to_text/wlasl_top100_words/short/51227.mp4,Short,51227,val,1,-1,"[55, 19, 563, 480]"
assets/sign_to_text/wlasl_top100_words/short/66469.mp4,Short,66469,train,1,-1,"[137, 31, 512, 370]"
assets/sign_to_text/wlasl_top100_words/short/51220.mp4,Short,51220,val,1,-1,"[56, 12, 265, 240]"
assets/sign_to_text/wlasl_top100_words/short/51231.mp4,Short,51231,train,1,-1,"[83, 23, 214, 192]"
assets/sign_to_text/wlasl_top100_words/short/51232.mp4,Short,51232,train,1,-1,"[69, 17, 215, 192]"
assets/sign_to_text/wlasl_top100_words/short/51233.mp4,Short,51233,test,1,-1,"[47, 13, 217, 192]"
assets/sign_to_text/wlasl_top100_words/short/51235.mp4,Short,51235,train,1,-1,"[208, 61, 565, 400]"
assets/sign_to_text/wlasl_top100_words/short/51236.mp4,Short,51236,train,1,-1,"[176, 54, 564, 400]"
assets/sign_to_text/wlasl_top100_words/work/63806.mp4,Work,63806,train,1,-1,"[234, 38, 498, 400]"
assets/sign_to_text/wlasl_top100_words/work/63789.mp4,Work,63789,test,1,-1,"[57, 6, 262, 240]"
assets/sign_to_text/wlasl_top100_words/work/63790.mp4,Work,63790,train,1,-1,"[217, 13, 531, 414]"
assets/sign_to_text/wlasl_top100_words/work/63791.mp4,Work,63791,train,1,-1,"[534, 52, 1589, 1080]"
assets/sign_to_text/wlasl_top100_words/work/63792.mp4,Work,63792,train,1,-1,"[501, 0, 1402, 1080]"
assets/sign_to_text/wlasl_top100_words/work/63793.mp4,Work,63793,train,1,-1,"[125, 8, 554, 480]"
assets/sign_to_text/wlasl_top100_words/work/63795.mp4,Work,63795,val,1,-1,"[75, 14, 206, 192]"
assets/sign_to_text/wlasl_top100_words/work/66804.mp4,Work,66804,train,1,-1,"[157, 4, 463, 370]"
assets/sign_to_text/wlasl_top100_words/work/63788.mp4,Work,63788,val,1,-1,"[94, 4, 250, 180]"
assets/sign_to_text/wlasl_top100_words/work/63799.mp4,Work,63799,train,1,-1,"[50, 17, 211, 192]"
assets/sign_to_text/wlasl_top100_words/basketball/69225.mp4,Basketball,69225,test,1,-1,"[478, 33, 1478, 1080]"
assets/sign_to_text/wlasl_top100_words/basketball/05230.mp4,Basketball,05230,train,1,-1,"[172, 1, 601, 414]"
assets/sign_to_text/wlasl_top100_words/basketball/05231.mp4,Basketball,05231,train,1,-1,"[678, 144, 1591, 1078]"
assets/sign_to_text/wlasl_top100_words/basketball/05232.mp4,Basketball,05232,val,1,-1,"[589, 135, 1479, 1069]"
assets/sign_to_text/wlasl_top100_words/basketball/05233.mp4,Basketball,05233,train,1,-1,"[248, 9, 595, 360]"
assets/sign_to_text/wlasl_top100_words/basketball/05234.mp4,Basketball,05234,train,1,-1,"[43, 22, 593, 480]"
assets/sign_to_text/wlasl_top100_words/basketball/05238.mp4,Basketball,05238,train,1,-1,"[76, 19, 215, 192]"
assets/sign_to_text/wlasl_top100_words/basketball/65144.mp4,Basketball,65144,train,1,-1,"[198, 31, 518, 370]"
assets/sign_to_text/wlasl_top100_words/basketball/65145.mp4,Basketball,65145,train,1,-1,"[195, 38, 492, 370]"
assets/sign_to_text/wlasl_top100_words/basketball/05229.mp4,Basketball,05229,train,1,-1,"[52, 0, 246, 240]"
assets/sign_to_text/wlasl_top100_words/basketball/05239.mp4,Basketball,05239,val,1,-1,"[71, 15, 221, 192]"
assets/sign_to_text/wlasl_top100_words/basketball/05243.mp4,Basketball,05243,train,1,-1,"[160, 42, 557, 400]"
assets/sign_to_text/wlasl_top100_words/cheat/10147.mp4,Cheat,10147,train,1,-1,"[39, 1, 239, 240]"
assets/sign_to_text/wlasl_top100_words/cheat/10166.mp4,Cheat,10166,train,1,-1,"[175, 52, 541, 400]"
assets/sign_to_text/wlasl_top100_words/cheat/10148.mp4,Cheat,10148,train,1,-1,"[521, 52, 1638, 1080]"
assets/sign_to_text/wlasl_top100_words/cheat/10149.mp4,Cheat,10149,train,1,-1,"[533, 84, 1561, 1080]"
assets/sign_to_text/wlasl_top100_words/cheat/65341.mp4,Cheat,65341,val,1,-1,"[162, 17, 492, 370]"
assets/sign_to_text/wlasl_top100_words/cheat/10151.mp4,Cheat,10151,val,1,-1,"[396, 69, 1686, 1080]"
assets/sign_to_text/wlasl_top100_words/cheat/65342.mp4,Cheat,65342,val,1,-1,"[162, 12, 479, 370]"
assets/sign_to_text/wlasl_top100_words/cheat/10157.mp4,Cheat,10157,train,1,-1,"[64, 10, 209, 192]"
assets/sign_to_text/wlasl_top100_words/cheat/10158.mp4,Cheat,10158,train,1,-1,"[75, 13, 197, 192]"
assets/sign_to_text/wlasl_top100_words/cheat/10159.mp4,Cheat,10159,test,1,-1,"[56, 11, 207, 192]"
assets/sign_to_text/wlasl_top100_words/full/65792.mp4,Full,65792,val,1,-1,"[124, 14, 452, 370]"
assets/sign_to_text/wlasl_top100_words/full/23782.mp4,Full,23782,train,1,-1,"[182, 52, 545, 400]"
assets/sign_to_text/wlasl_top100_words/full/23771.mp4,Full,23771,train,1,-1,"[23, 2, 558, 480]"
assets/sign_to_text/wlasl_top100_words/full/23774.mp4,Full,23774,train,1,-1,"[70, 18, 219, 192]"
assets/sign_to_text/wlasl_top100_words/full/23775.mp4,Full,23775,val,1,-1,"[77, 18, 219, 192]"
assets/sign_to_text/wlasl_top100_words/full/23766.mp4,Full,23766,train,1,-1,"[37, 0, 283, 240]"
assets/sign_to_text/wlasl_top100_words/full/23776.mp4,Full,23776,val,1,-1,"[67, 18, 218, 192]"
assets/sign_to_text/wlasl_top100_words/full/23767.mp4,Full,23767,test,1,-1,"[242, 46, 836, 720]"
assets/sign_to_text/wlasl_top100_words/full/23768.mp4,Full,23768,train,1,-1,"[593, 124, 1663, 1080]"
assets/sign_to_text/wlasl_top100_words/full/23769.mp4,Full,23769,train,1,-1,"[277, 3, 798, 480]"
assets/sign_to_text/wlasl_top100_words/letter/66038.mp4,Letter,66038,train,1,-1,"[197, 11, 490, 370]"
assets/sign_to_text/wlasl_top100_words/letter/32948.mp4,Letter,32948,val,1,-1,"[717, 124, 1569, 1074]"
assets/sign_to_text/wlasl_top100_words/letter/32949.mp4,Letter,32949,train,1,-1,"[155, 0, 574, 480]"
assets/sign_to_text/wlasl_top100_words/letter/32950.mp4,Letter,32950,test,1,-1,"[127, 26, 515, 480]"
assets/sign_to_text/wlasl_top100_words/letter/32953.mp4,Letter,32953,train,1,-1,"[71, 16, 215, 192]"
assets/sign_to_text/wlasl_top100_words/letter/32954.mp4,Letter,32954,train,1,-1,"[67, 15, 227, 192]"
assets/sign_to_text/wlasl_top100_words/letter/32945.mp4,Letter,32945,train,1,-1,"[57, 3, 240, 240]"
assets/sign_to_text/wlasl_top100_words/letter/32955.mp4,Letter,32955,train,1,-1,"[68, 11, 229, 192]"
assets/sign_to_text/wlasl_top100_words/letter/32959.mp4,Letter,32959,train,1,-1,"[231, 40, 481, 400]"
assets/sign_to_text/wlasl_top100_words/letter/32946.mp4,Letter,32946,train,1,-1,"[49, 0, 245, 240]"
assets/sign_to_text/wlasl_top100_words/letter/32947.mp4,Letter,32947,train,1,-1,"[657, 37, 1680, 1080]"
assets/sign_to_text/wlasl_top100_words/son/53273.mp4,Son,53273,train,1,-1,"[51, 14, 212, 192]"
assets/sign_to_text/wlasl_top100_words/son/53274.mp4,Son,53274,val,1,-1,"[47, 17, 208, 192]"
assets/sign_to_text/wlasl_top100_words/son/53275.mp4,Son,53275,train,1,-1,"[51, 16, 208, 192]"
assets/sign_to_text/wlasl_top100_words/son/66531.mp4,Son,66531,train,1,-1,"[148, 44, 479, 370]"
assets/sign_to_text/wlasl_top100_words/son/66532.mp4,Son,66532,train,1,-1,"[159, 16, 465, 370]"
assets/sign_to_text/wlasl_top100_words/son/53268.mp4,Son,53268,train,1,-1,"[397, 71, 853, 720]"
assets/sign_to_text/wlasl_top100_words/son/53279.mp4,Son,53279,train,1,-1,"[188, 53, 566, 400]"
assets/sign_to_text/wlasl_top100_words/son/53269.mp4,Son,53269,val,1,-1,"[397, 48, 1640, 1080]"
assets/sign_to_text/wlasl_top100_words/son/53270.mp4,Son,53270,train,1,-1,"[790, 55, 1742, 1080]"
assets/sign_to_text/wlasl_top100_words/son/53271.mp4,Son,53271,train,1,-1,"[123, 0, 564, 480]"
assets/sign_to_text/wlasl_top100_words/tell/57278.mp4,Tell,57278,test,1,-1,"[134, 0, 506, 480]"
assets/sign_to_text/wlasl_top100_words/tell/57282.mp4,Tell,57282,val,1,-1,"[74, 9, 216, 192]"
assets/sign_to_text/wlasl_top100_words/tell/57283.mp4,Tell,57283,train,1,-1,"[62, 17, 218, 192]"
assets/sign_to_text/wlasl_top100_words/tell/57284.mp4,Tell,57284,train,1,-1,"[80, 14, 228, 192]"
assets/sign_to_text/wlasl_top100_words/tell/57285.mp4,Tell,57285,val,1,-1,"[69, 11, 209, 192]"
assets/sign_to_text/wlasl_top100_words/tell/57276.mp4,Tell,57276,train,1,-1,"[62, 6, 245, 240]"
assets/sign_to_text/wlasl_top100_words/tell/57286.mp4,Tell,57286,train,1,-1,"[73, 13, 209, 192]"
assets/sign_to_text/wlasl_top100_words/tell/57287.mp4,Tell,57287,train,1,-1,"[76, 11, 211, 192]"
assets/sign_to_text/wlasl_top100_words/tell/57291.mp4,Tell,57291,train,1,-1,"[186, 52, 541, 400]"
assets/sign_to_text/wlasl_top100_words/tell/57277.mp4,Tell,57277,train,1,-1,"[794, 68, 1572, 1080]"
assets/sign_to_text/wlasl_top100_words/thursday/58362.mp4,Thursday,58362,train,1,-1,"[523, 13, 1374, 1080]"
assets/sign_to_text/wlasl_top100_words/thursday/58363.mp4,Thursday,58363,train,1,-1,"[92, 0, 507, 480]"
assets/sign_to_text/wlasl_top100_words/thursday/58365.mp4,Thursday,58365,val,1,-1,"[77, 10, 217, 192]"
assets/sign_to_text/wlasl_top100_words/thursday/58366.mp4,Thursday,58366,train,1,-1,"[79, 11, 217, 192]"
assets/sign_to_text/wlasl_top100_words/thursday/66637.mp4,Thursday,66637,train,1,-1,"[166, 30, 453, 370]"
assets/sign_to_text/wlasl_top100_words/thursday/66638.mp4,Thursday,66638,train,1,-1,"[177, 30, 453, 370]"
assets/sign_to_text/wlasl_top100_words/thursday/66639.mp4,Thursday,66639,train,1,-1,"[133, 32, 455, 370]"
assets/sign_to_text/wlasl_top100_words/thursday/66640.mp4,Thursday,66640,train,1,-1,"[134, 30, 459, 370]"
assets/sign_to_text/wlasl_top100_words/thursday/58370.mp4,Thursday,58370,val,1,-1,"[163, 53, 540, 400]"
assets/sign_to_text/wlasl_top100_words/thursday/58360.mp4,Thursday,58360,train,1,-1,"[54, 0, 281, 240]"
assets/sign_to_text/wlasl_top100_words/thursday/58361.mp4,Thursday,58361,train,1,-1,"[401, 54, 815, 720]"
assets/sign_to_text/wlasl_top100_words/wait/62113.mp4,Wait,62113,test,1,-1,"[202, 52, 558, 400]"
assets/sign_to_text/wlasl_top100_words/wait/62098.mp4,Wait,62098,train,1,-1,"[420, 50, 823, 720]"
assets/sign_to_text/wlasl_top100_words/wait/62100.mp4,Wait,62100,train,1,-1,"[330, 19, 761, 480]"
assets/sign_to_text/wlasl_top100_words/wait/62101.mp4,Wait,62101,train,1,-1,"[690, 68, 1621, 1080]"
assets/sign_to_text/wlasl_top100_words/wait/62102.mp4,Wait,62102,val,1,-1,"[553, 73, 1410, 1080]"
assets/sign_to_text/wlasl_top100_words/wait/62103.mp4,Wait,62103,train,1,-1,"[149, 0, 551, 480]"
assets/sign_to_text/wlasl_top100_words/wait/62106.mp4,Wait,62106,train,1,-1,"[83, 18, 210, 192]"
assets/sign_to_text/wlasl_top100_words/wait/66740.mp4,Wait,66740,train,1,-1,"[194, 30, 517, 370]"
assets/sign_to_text/wlasl_top100_words/wait/62097.mp4,Wait,62097,train,1,-1,"[49, 0, 279, 240]"
assets/sign_to_text/wlasl_top100_words/wait/62107.mp4,Wait,62107,train,1,-1,"[61, 9, 208, 192]"
assets/sign_to_text/wlasl_top100_words/bar/65137.mp4,Bar,65137,test,1,-1,"[180, 30, 460, 370]"
assets/sign_to_text/wlasl_top100_words/bar/05103.mp4,Bar,05103,train,1,-1,"[230, 37, 485, 400]"
assets/sign_to_text/wlasl_top100_words/bar/05086.mp4,Bar,05086,val,1,-1,"[415, 64, 822, 720]"
assets/sign_to_text/wlasl_top100_words/bar/05087.mp4,Bar,05087,train,1,-1,"[577, 79, 1496, 1080]"
assets/sign_to_text/wlasl_top100_words/bar/05088.mp4,Bar,05088,test,1,-1,"[59, 24, 582, 480]"
assets/sign_to_text/wlasl_top100_words/bar/05089.mp4,Bar,05089,test,1,-1,"[124, 30, 502, 480]"
assets/sign_to_text/wlasl_top100_words/bar/05090.mp4,Bar,05090,train,1,-1,"[147, 6, 522, 480]"
assets/sign_to_text/wlasl_top100_words/bar/05095.mp4,Bar,05095,train,1,-1,"[64, 15, 220, 192]"
assets/sign_to_text/wlasl_top100_words/bar/05097.mp4,Bar,05097,train,1,-1,"[45, 10, 243, 192]"
assets/sign_to_text/wlasl_top100_words/bar/05098.mp4,Bar,05098,train,1,-1,"[45, 13, 227, 192]"
assets/sign_to_text/wlasl_top100_words/bar/05102.mp4,Bar,05102,val,1,-1,"[189, 37, 559, 400]"
assets/sign_to_text/wlasl_top100_words/brother/69251.mp4,Brother,69251,test,1,-1,"[347, 17, 1017, 720]"
assets/sign_to_text/wlasl_top100_words/brother/07937.mp4,Brother,07937,train,1,-1,"[248, 12, 612, 360]"
assets/sign_to_text/wlasl_top100_words/brother/07938.mp4,Brother,07938,val,1,-1,"[98, 28, 530, 480]"
assets/sign_to_text/wlasl_top100_words/brother/07940.mp4,Brother,07940,train,1,-1,"[68, 8, 212, 192]"
assets/sign_to_text/wlasl_top100_words/brother/65262.mp4,Brother,65262,train,1,-1,"[164, 15, 467, 370]"
assets/sign_to_text/wlasl_top100_words/brother/07932.mp4,Brother,07932,train,1,-1,"[51, 5, 257, 240]"
assets/sign_to_text/wlasl_top100_words/brother/07943.mp4,Brother,07943,train,1,-1,"[173, 61, 561, 400]"
assets/sign_to_text/wlasl_top100_words/brother/07933.mp4,Brother,07933,train,1,-1,"[196, 13, 529, 414]"
assets/sign_to_text/wlasl_top100_words/brother/07934.mp4,Brother,07934,train,1,-1,"[829, 61, 1761, 1080]"
assets/sign_to_text/wlasl_top100_words/brother/07935.mp4,Brother,07935,train,1,-1,"[862, 50, 1769, 1080]"
assets/sign_to_text/wlasl_top100_words/brother/07936.mp4,Brother,07936,train,1,-1,"[832, 57, 1738, 1080]"
assets/sign_to_text/wlasl_top100_words/check/65343.mp4,Check,65343,train,1,-1,"[186, 34, 465, 370]"
assets/sign_to_text/wlasl_top100_words/check/10184.mp4,Check,10184,train,1,-1,"[363, 9, 829, 480]"
assets/sign_to_text/wlasl_top100_words/check/10185.mp4,Check,10185,train,1,-1,"[619, 69, 1487, 1079]"
assets/sign_to_text/wlasl_top100_words/check/10186.mp4,Check,10186,test,1,-1,"[70, 23, 543, 480]"
assets/sign_to_text/wlasl_top100_words/check/10187.mp4,Check,10187,train,1,-1,"[88, 23, 501, 480]"
assets/sign_to_text/wlasl_top100_words/check/10188.mp4,Check,10188,val,1,-1,"[40, 12, 587, 480]"
assets/sign_to_text/wlasl_top100_words/check/10190.mp4,Check,10190,train,1,-1,"[48, 19, 202, 192]"
assets/sign_to_text/wlasl_top100_words/check/10192.mp4,Check,10192,val,1,-1,"[72, 11, 220, 192]"
assets/sign_to_text/wlasl_top100_words/check/10183.mp4,Check,10183,train,1,-1,"[42, 1, 251, 240]"
assets/sign_to_text/wlasl_top100_words/check/10197.mp4,Check,10197,train,1,-1,"[181, 55, 532, 400]"
assets/sign_to_text/wlasl_top100_words/check/10199.mp4,Check,10199,train,1,-1,"[184, 50, 542, 400]"
assets/sign_to_text/wlasl_top100_words/cry/14190.mp4,Cry,14190,test,1,-1,"[182, 64, 535, 400]"
assets/sign_to_text/wlasl_top100_words/cry/14175.mp4,Cry,14175,train,1,-1,"[430, 62, 815, 720]"
assets/sign_to_text/wlasl_top100_words/cry/14176.mp4,Cry,14176,train,1,-1,"[752, 67, 1641, 1080]"
assets/sign_to_text/wlasl_top100_words/cry/14177.mp4,Cry,14177,val,1,-1,"[116, 29, 505, 480]"
assets/sign_to_text/wlasl_top100_words/cry/14180.mp4,Cry,14180,train,1,-1,"[68, 10, 229, 192]"
assets/sign_to_text/wlasl_top100_words/cry/14182.mp4,Cry,14182,train,1,-1,"[62, 11, 216, 192]"
assets/sign_to_text/wlasl_top100_words/cry/14183.mp4,Cry,14183,train,1,-1,"[65, 13, 217, 192]"
assets/sign_to_text/wlasl_top100_words/cry/65427.mp4,Cry,65427,val,1,-1,"[139, 16, 472, 370]"
assets/sign_to_text/wlasl_top100_words/cry/14174.mp4,Cry,14174,train,1,-1,"[48, 0, 263, 240]"
assets/sign_to_text/wlasl_top100_words/cry/14188.mp4,Cry,14188,train,1,-1,"[179, 63, 533, 400]"
assets/sign_to_text/wlasl_top100_words/laugh/32398.mp4,Laugh,32398,val,1,-1,"[171, 54, 540, 400]"
assets/sign_to_text/wlasl_top100_words/laugh/32379.mp4,Laugh,32379,test,1,-1,"[724, 109, 1606, 1067]"
assets/sign_to_text/wlasl_top100_words/laugh/32380.mp4,Laugh,32380,val,1,-1,"[662, 144, 1558, 1080]"
assets/sign_to_text/wlasl_top100_words/laugh/32381.mp4,Laugh,32381,train,1,-1,"[901, 53, 1762, 1079]"
assets/sign_to_text/wlasl_top100_words/laugh/66016.mp4,Laugh,66016,train,1,-1,"[189, 11, 504, 370]"
assets/sign_to_text/wlasl_top100_words/laugh/32382.mp4,Laugh,32382,train,1,-1,"[856, 51, 1757, 1080]"
assets/sign_to_text/wlasl_top100_words/laugh/32383.mp4,Laugh,32383,train,1,-1,"[673, 95, 1645, 1080]"
assets/sign_to_text/wlasl_top100_words/laugh/32386.mp4,Laugh,32386,val,1,-1,"[156, 0, 540, 480]"
assets/sign_to_text/wlasl_top100_words/laugh/32377.mp4,Laugh,32377,train,1,-1,"[24, 0, 269, 240]"
assets/sign_to_text/wlasl_top100_words/laugh/32388.mp4,Laugh,32388,train,1,-1,"[64, 25, 208, 192]"
assets/sign_to_text/wlasl_top100_words/laugh/32389.mp4,Laugh,32389,test,1,-1,"[72, 22, 217, 192]"
assets/sign_to_text/wlasl_top100_words/room/48509.mp4,Room,48509,train,1,-1,"[180, 18, 581, 414]"
assets/sign_to_text/wlasl_top100_words/room/48510.mp4,Room,48510,test,1,-1,"[619, 98, 1515, 1080]"
assets/sign_to_text/wlasl_top100_words/room/48511.mp4,Room,48511,train,1,-1,"[703, 55, 1544, 1080]"
assets/sign_to_text/wlasl_top100_words/room/48512.mp4,Room,48512,val,1,-1,"[265, 22, 784, 480]"
assets/sign_to_text/wlasl_top100_words/room/48513.mp4,Room,48513,train,1,-1,"[422, 33, 1014, 720]"
assets/sign_to_text/wlasl_top100_words/room/48514.mp4,Room,48514,test,1,-1,"[134, 0, 587, 480]"
assets/sign_to_text/wlasl_top100_words/room/48516.mp4,Room,48516,train,1,-1,"[56, 9, 215, 192]"
assets/sign_to_text/wlasl_top100_words/room/66415.mp4,Room,66415,train,1,-1,"[136, 29, 579, 370]"
assets/sign_to_text/wlasl_top100_words/room/66416.mp4,Room,66416,train,1,-1,"[135, 31, 491, 370]"
assets/sign_to_text/wlasl_top100_words/room/48517.mp4,Room,48517,train,1,-1,"[52, 8, 219, 192]"
assets/sign_to_text/wlasl_top100_words/room/48521.mp4,Room,48521,val,1,-1,"[219, 42, 516, 400]"
assets/sign_to_text/wlasl_top100_words/snow/69481.mp4,Snow,69481,test,1,-1,"[123, 14, 574, 480]"
assets/sign_to_text/wlasl_top100_words/snow/52862.mp4,Snow,52862,train,1,-1,"[54, 0, 238, 192]"
assets/sign_to_text/wlasl_top100_words/snow/52863.mp4,Snow,52863,val,1,-1,"[54, 0, 237, 192]"
assets/sign_to_text/wlasl_top100_words/snow/66519.mp4,Snow,66519,train,1,-1,"[173, 44, 485, 370]"
assets/sign_to_text/wlasl_top100_words/snow/66518.mp4,Snow,66518,train,1,-1,"[142, 17, 501, 370]"
assets/sign_to_text/wlasl_top100_words/snow/52857.mp4,Snow,52857,val,1,-1,"[406, 73, 834, 720]"
assets/sign_to_text/wlasl_top100_words/snow/52867.mp4,Snow,52867,train,1,-1,"[194, 52, 562, 400]"
assets/sign_to_text/wlasl_top100_words/snow/52858.mp4,Snow,52858,train,1,-1,"[392, 33, 1549, 1080]"
assets/sign_to_text/wlasl_top100_words/snow/52859.mp4,Snow,52859,train,1,-1,"[310, 91, 1004, 715]"
assets/sign_to_text/wlasl_top100_words/snow/52860.mp4,Snow,52860,train,1,-1,"[106, 0, 574, 480]"
assets/sign_to_text/wlasl_top100_words/take/69500.mp4,Take,69500,train,1,-1,"[166, 43, 952, 720]"
assets/sign_to_text/wlasl_top100_words/take/56698.mp4,Take,56698,train,1,-1,"[84, 3, 224, 192]"
assets/sign_to_text/wlasl_top100_words/take/56699.mp4,Take,56699,train,1,-1,"[75, 7, 218, 192]"
assets/sign_to_text/wlasl_top100_words/take/56700.mp4,Take,56700,train,1,-1,"[65, 14, 223, 192]"
assets/sign_to_text/wlasl_top100_words/take/56701.mp4,Take,56701,test,1,-1,"[66, 17, 220, 192]"
assets/sign_to_text/wlasl_top100_words/take/56692.mp4,Take,56692,train,1,-1,"[50, 14, 246, 240]"
assets/sign_to_text/wlasl_top100_words/take/56702.mp4,Take,56702,val,1,-1,"[67, 13, 219, 192]"
assets/sign_to_text/wlasl_top100_words/take/56704.mp4,Take,56704,train,1,-1,"[177, 46, 579, 400]"
assets/sign_to_text/wlasl_top100_words/take/56705.mp4,Take,56705,val,1,-1,"[196, 52, 574, 400]"
assets/sign_to_text/wlasl_top100_words/take/56693.mp4,Take,56693,test,1,-1,"[432, 53, 827, 720]"
assets/sign_to_text/wlasl_top100_words/take/56694.mp4,Take,56694,train,1,-1,"[130, 0, 578, 480]"
assets/sign_to_text/wlasl_top100_words/why/63283.mp4,Why,63283,train,1,-1,"[272, 12, 1167, 1080]"
assets/sign_to_text/wlasl_top100_words/why/63284.mp4,Why,63284,train,1,-1,"[506, 80, 1544, 1080]"
assets/sign_to_text/wlasl_top100_words/why/63285.mp4,Why,63285,val,1,-1,"[101, 2, 514, 480]"
assets/sign_to_text/wlasl_top100_words/why/63287.mp4,Why,63287,train,1,-1,"[63, 14, 223, 192]"
assets/sign_to_text/wlasl_top100_words/why/63288.mp4,Why,63288,train,1,-1,"[48, 5, 213, 192]"
assets/sign_to_text/wlasl_top100_words/why/66781.mp4,Why,66781,train,1,-1,"[169, 6, 479, 370]"
assets/sign_to_text/wlasl_top100_words/why/63289.mp4,Why,63289,val,1,-1,"[63, 12, 209, 192]"
assets/sign_to_text/wlasl_top100_words/why/63292.mp4,Why,63292,train,1,-1,"[178, 58, 544, 400]"
assets/sign_to_text/wlasl_top100_words/why/63280.mp4,Why,63280,train,1,-1,"[18, 0, 293, 240]"
assets/sign_to_text/wlasl_top100_words/why/63281.mp4,Why,63281,train,1,-1,"[224, 12, 528, 414]"
assets/sign_to_text/wlasl_top100_words/why/63282.mp4,Why,63282,train,1,-1,"[721, 93, 1375, 1080]"
assets/sign_to_text/wlasl_top100_words/write/69544.mp4,Write,69544,test,1,-1,"[375, 42, 940, 720]"
assets/sign_to_text/wlasl_top100_words/write/64060.mp4,Write,64060,train,1,-1,"[68, 7, 524, 480]"
assets/sign_to_text/wlasl_top100_words/write/64061.mp4,Write,64061,val,1,-1,"[123, 30, 511, 480]"
assets/sign_to_text/wlasl_top100_words/write/64065.mp4,Write,64065,train,1,-1,"[59, 17, 215, 192]"
assets/sign_to_text/wlasl_top100_words/write/66815.mp4,Write,66815,train,1,-1,"[155, 8, 458, 370]"
assets/sign_to_text/wlasl_top100_words/write/64056.mp4,Write,64056,train,1,-1,"[49, 0, 279, 240]"
assets/sign_to_text/wlasl_top100_words/write/64068.mp4,Write,64068,train,1,-1,"[205, 61, 555, 400]"
assets/sign_to_text/wlasl_top100_words/write/64057.mp4,Write,64057,train,1,-1,"[237, 13, 526, 414]"
assets/sign_to_text/wlasl_top100_words/write/64058.mp4,Write,64058,train,1,-1,"[395, 55, 800, 720]"
assets/sign_to_text/wlasl_top100_words/write/64059.mp4,Write,64059,train,1,-1,"[635, 73, 1424, 1080]"
assets/sign_to_text/wlasl_top100_words/yesterday/64307.mp4,Yesterday,64307,train,1,-1,"[316, 26, 1253, 1080]"
assets/sign_to_text/wlasl_top100_words/yesterday/64308.mp4,Yesterday,64308,val,1,-1,"[781, 118, 1632, 1079]"
assets/sign_to_text/wlasl_top100_words/yesterday/64309.mp4,Yesterday,64309,train,1,-1,"[117, 5, 528, 480]"
assets/sign_to_text/wlasl_top100_words/yesterday/64311.mp4,Yesterday,64311,train,1,-1,"[40, 14, 210, 192]"
assets/sign_to_text/wlasl_top100_words/yesterday/66821.mp4,Yesterday,66821,train,1,-1,"[134, 11, 461, 370]"
assets/sign_to_text/wlasl_top100_words/yesterday/66822.mp4,Yesterday,66822,train,1,-1,"[139, 12, 462, 370]"
assets/sign_to_text/wlasl_top100_words/yesterday/64315.mp4,Yesterday,64315,train,1,-1,"[231, 44, 482, 400]"
assets/sign_to_text/wlasl_top100_words/yesterday/64304.mp4,Yesterday,64304,test,1,-1,"[39, 0, 278, 240]"
assets/sign_to_text/wlasl_top100_words/yesterday/64305.mp4,Yesterday,64305,train,1,-1,"[386, 42, 811, 720]"
assets/sign_to_text/wlasl_top100_words/yesterday/64306.mp4,Yesterday,64306,train,1,-1,"[387, 51, 800, 720]"
assets/sign_to_text/wlasl_top100_words/bad/69219.mp4,Bad,69219,test,1,-1,"[327, 41, 877, 720]"
assets/sign_to_text/wlasl_top100_words/bad/04709.mp4,Bad,04709,train,1,-1,"[212, 16, 522, 414]"
assets/sign_to_text/wlasl_top100_words/bad/04712.mp4,Bad,04712,train,1,-1,"[739, 67, 1637, 1080]"
assets/sign_to_text/wlasl_top100_words/bad/04713.mp4,Bad,04713,train,1,-1,"[231, 7, 579, 360]"
assets/sign_to_text/wlasl_top100_words/bad/04715.mp4,Bad,04715,val,1,-1,"[128, 31, 538, 480]"
assets/sign_to_text/wlasl_top100_words/bad/04717.mp4,Bad,04717,val,1,-1,"[61, 16, 211, 192]"
assets/sign_to_text/wlasl_top100_words/bad/65125.mp4,Bad,65125,train,1,-1,"[166, 4, 477, 370]"
assets/sign_to_text/wlasl_top100_words/bad/04708.mp4,Bad,04708,train,1,-1,"[65, 11, 258, 240]"
assets/sign_to_text/wlasl_top100_words/bad/04718.mp4,Bad,04718,train,1,-1,"[75, 15, 238, 192]"
assets/sign_to_text/wlasl_top100_words/bad/04723.mp4,Bad,04723,train,1,-1,"[164, 49, 523, 400]"
assets/sign_to_text/wlasl_top100_words/blanket/06553.mp4,Blanket,06553,test,1,-1,"[638, 94, 1852, 1080]"
assets/sign_to_text/wlasl_top100_words/blanket/06554.mp4,Blanket,06554,train,1,-1,"[387, 45, 1893, 1080]"
assets/sign_to_text/wlasl_top100_words/blanket/06555.mp4,Blanket,06555,train,1,-1,"[103, 13, 524, 480]"
assets/sign_to_text/wlasl_top100_words/blanket/06558.mp4,Blanket,06558,val,1,-1,"[47, 16, 237, 192]"
assets/sign_to_text/wlasl_top100_words/blanket/06559.mp4,Blanket,06559,train,1,-1,"[52, 7, 222, 192]"
assets/sign_to_text/wlasl_top100_words/blanket/65204.mp4,Blanket,65204,val,1,-1,"[147, 23, 514, 370]"
assets/sign_to_text/wlasl_top100_words/blanket/65205.mp4,Blanket,65205,train,1,-1,"[165, 24, 509, 370]"
assets/sign_to_text/wlasl_top100_words/blanket/06563.mp4,Blanket,06563,train,1,-1,"[152, 51, 559, 400]"
assets/sign_to_text/wlasl_top100_words/blanket/06551.mp4,Blanket,06551,train,1,-1,"[373, 54, 798, 720]"
assets/sign_to_text/wlasl_top100_words/blanket/06552.mp4,Blanket,06552,train,1,-1,"[489, 59, 1920, 1080]"
assets/sign_to_text/wlasl_top100_words/call/65290.mp4,Call,65290,train,1,-1,"[169, 13, 457, 370]"
assets/sign_to_text/wlasl_top100_words/call/08706.mp4,Call,08706,test,1,-1,"[67, 11, 215, 192]"
assets/sign_to_text/wlasl_top100_words/call/08707.mp4,Call,08707,val,1,-1,"[51, 14, 208, 192]"
assets/sign_to_text/wlasl_top100_words/call/65556.mp4,Call,65556,train,1,-1,"[153, 6, 467, 370]"
assets/sign_to_text/wlasl_top100_words/call/08713.mp4,Call,08713,train,1,-1,"[162, 51, 538, 400]"
assets/sign_to_text/wlasl_top100_words/call/08689.mp4,Call,08689,train,1,-1,"[523, 23, 1639, 1080]"
assets/sign_to_text/wlasl_top100_words/call/08690.mp4,Call,08690,train,1,-1,"[741, 149, 1483, 1080]"
assets/sign_to_text/wlasl_top100_words/call/08691.mp4,Call,08691,train,1,-1,"[96, 17, 536, 480]"
assets/sign_to_text/wlasl_top100_words/call/08692.mp4,Call,08692,train,1,-1,"[22, 19, 586, 480]"
assets/sign_to_text/wlasl_top100_words/call/08694.mp4,Call,08694,val,1,-1,"[85, 23, 532, 480]"
assets/sign_to_text/wlasl_top100_words/call/08701.mp4,Call,08701,test,1,-1,"[57, 13, 216, 192]"
assets/sign_to_text/wlasl_top100_words/call/08702.mp4,Call,08702,train,1,-1,"[75, 14, 229, 192]"
assets/sign_to_text/wlasl_top100_words/cold/65377.mp4,Cold,65377,test,1,-1,"[129, 16, 476, 370]"
assets/sign_to_text/wlasl_top100_words/cold/11638.mp4,Cold,11638,test,1,-1,"[180, 57, 551, 400]"
assets/sign_to_text/wlasl_top100_words/cold/11622.mp4,Cold,11622,train,1,-1,"[210, 16, 540, 414]"
assets/sign_to_text/wlasl_top100_words/cold/11623.mp4,Cold,11623,train,1,-1,"[380, 16, 825, 480]"
assets/sign_to_text/wlasl_top100_words/cold/11624.mp4,Cold,11624,train,1,-1,"[593, 70, 1468, 1080]"
assets/sign_to_text/wlasl_top100_words/cold/11625.mp4,Cold,11625,val,1,-1,"[624, 133, 1621, 1072]"
assets/sign_to_text/wlasl_top100_words/cold/11627.mp4,Cold,11627,train,1,-1,"[411, 31, 1128, 720]"
assets/sign_to_text/wlasl_top100_words/cold/11628.mp4,Cold,11628,val,1,-1,"[116, 29, 513, 480]"
assets/sign_to_text/wlasl_top100_words/cold/11621.mp4,Cold,11621,train,1,-1,"[59, 16, 263, 240]"
assets/sign_to_text/wlasl_top100_words/cold/11633.mp4,Cold,11633,train,1,-1,"[88, 22, 216, 192]"
assets/sign_to_text/wlasl_top100_words/cold/11634.mp4,Cold,11634,val,1,-1,"[65, 21, 233, 192]"
assets/sign_to_text/wlasl_top100_words/cold/11635.mp4,Cold,11635,train,1,-1,"[79, 16, 221, 192]"
assets/sign_to_text/wlasl_top100_words/daughter/14755.mp4,Daughter,14755,train,1,-1,"[63, 16, 210, 192]"
assets/sign_to_text/wlasl_top100_words/daughter/14756.mp4,Daughter,14756,val,1,-1,"[67, 21, 209, 191]"
assets/sign_to_text/wlasl_top100_words/daughter/14757.mp4,Daughter,14757,train,1,-1,"[66, 19, 207, 192]"
assets/sign_to_text/wlasl_top100_words/daughter/65443.mp4,Daughter,65443,val,1,-1,"[185, 17, 486, 370]"
assets/sign_to_text/wlasl_top100_words/daughter/14760.mp4,Daughter,14760,train,1,-1,"[183, 61, 534, 400]"
assets/sign_to_text/wlasl_top100_words/daughter/14749.mp4,Daughter,14749,train,1,-1,"[25, 0, 288, 240]"
assets/sign_to_text/wlasl_top100_words/daughter/14750.mp4,Daughter,14750,val,1,-1,"[435, 70, 855, 720]"
assets/sign_to_text/wlasl_top100_words/daughter/14751.mp4,Daughter,14751,train,1,-1,"[412, 40, 1642, 1080]"
assets/sign_to_text/wlasl_top100_words/daughter/14752.mp4,Daughter,14752,train,1,-1,"[867, 55, 1730, 1075]"
assets/sign_to_text/wlasl_top100_words/daughter/14753.mp4,Daughter,14753,train,1,-1,"[110, 18, 533, 480]"
assets/sign_to_text/wlasl_top100_words/example/20067.mp4,Example,20067,test,1,-1,"[741, 17, 1678, 1080]"
assets/sign_to_text/wlasl_top100_words/example/20068.mp4,Example,20068,train,1,-1,"[709, 16, 1686, 1080]"
assets/sign_to_text/wlasl_top100_words/example/20070.mp4,Example,20070,train,1,-1,"[592, 68, 1506, 1080]"
assets/sign_to_text/wlasl_top100_words/example/20071.mp4,Example,20071,train,1,-1,"[583, 25, 1707, 1080]"
assets/sign_to_text/wlasl_top100_words/example/20072.mp4,Example,20072,train,1,-1,"[64, 11, 581, 480]"
assets/sign_to_text/wlasl_top100_words/example/65652.mp4,Example,65652,train,1,-1,"[172, 30, 470, 370]"
assets/sign_to_text/wlasl_top100_words/example/65653.mp4,Example,65653,val,1,-1,"[194, 40, 470, 370]"
assets/sign_to_text/wlasl_top100_words/example/65654.mp4,Example,65654,train,1,-1,"[187, 39, 466, 370]"
assets/sign_to_text/wlasl_top100_words/example/20074.mp4,Example,20074,train,1,-1,"[76, 15, 213, 192]"
assets/sign_to_text/wlasl_top100_words/example/20077.mp4,Example,20077,test,1,-1,"[236, 46, 485, 400]"
assets/sign_to_text/wlasl_top100_words/example/20066.mp4,Example,20066,train,1,-1,"[75, 1, 239, 240]"
assets/sign_to_text/wlasl_top100_words/far/21073.mp4,Far,21073,train,1,-1,"[493, 68, 1462, 1080]"
assets/sign_to_text/wlasl_top100_words/far/21074.mp4,Far,21074,train,1,-1,"[482, 57, 1647, 1080]"
assets/sign_to_text/wlasl_top100_words/far/21075.mp4,Far,21075,train,1,-1,"[143, 35, 525, 480]"
assets/sign_to_text/wlasl_top100_words/far/21077.mp4,Far,21077,train,1,-1,"[45, 0, 208, 192]"
assets/sign_to_text/wlasl_top100_words/far/21078.mp4,Far,21078,test,1,-1,"[48, 14, 222, 192]"
assets/sign_to_text/wlasl_top100_words/far/65682.mp4,Far,65682,test,1,-1,"[163, 23, 453, 370]"
assets/sign_to_text/wlasl_top100_words/far/21069.mp4,Far,21069,train,1,-1,"[67, 0, 248, 240]"
assets/sign_to_text/wlasl_top100_words/far/21081.mp4,Far,21081,val,1,-1,"[183, 42, 489, 400]"
assets/sign_to_text/wlasl_top100_words/far/21070.mp4,Far,21070,val,1,-1,"[362, 57, 898, 720]"
assets/sign_to_text/wlasl_top100_words/far/21071.mp4,Far,21071,train,1,-1,"[539, 64, 1456, 1080]"
assets/sign_to_text/wlasl_top100_words/far/21072.mp4,Far,21072,train,1,-1,"[359, 0, 1402, 1080]"
assets/sign_to_text/wlasl_top100_words/good/69347.mp4,Good,69347,train,1,-1,"[363, 43, 868, 720]"
assets/sign_to_text/wlasl_top100_words/good/25072.mp4,Good,25072,test,1,-1,"[79, 10, 216, 192]"
assets/sign_to_text/wlasl_top100_words/good/25073.mp4,Good,25073,train,1,-1,"[77, 16, 217, 192]"
assets/sign_to_text/wlasl_top100_words/good/65835.mp4,Good,65835,val,1,-1,"[165, 19, 451, 370]"
assets/sign_to_text/wlasl_top100_words/good/25066.mp4,Good,25066,train,1,-1,"[69, 0, 250, 240]"
assets/sign_to_text/wlasl_top100_words/good/25076.mp4,Good,25076,train,1,-1,"[244, 43, 499, 400]"
assets/sign_to_text/wlasl_top100_words/good/25067.mp4,Good,25067,train,1,-1,"[224, 16, 519, 414]"
assets/sign_to_text/wlasl_top100_words/good/25068.mp4,Good,25068,train,1,-1,"[287, 11, 778, 480]"
assets/sign_to_text/wlasl_top100_words/good/25069.mp4,Good,25069,train,1,-1,"[759, 56, 1660, 1080]"
assets/sign_to_text/wlasl_top100_words/good/25070.mp4,Good,25070,test,1,-1,"[87, 8, 536, 480]"
assets/sign_to_text/wlasl_top100_words/leave/32655.mp4,Leave,32655,val,1,-1,"[394, 50, 811, 720]"
assets/sign_to_text/wlasl_top100_words/leave/32677.mp4,Leave,32677,train,1,-1,"[180, 53, 569, 400]"
assets/sign_to_text/wlasl_top100_words/leave/66025.mp4,Leave,66025,test,1,-1,"[129, 39, 469, 370]"
assets/sign_to_text/wlasl_top100_words/leave/32657.mp4,Leave,32657,train,1,-1,"[632, 134, 1572, 1062]"
assets/sign_to_text/wlasl_top100_words/leave/32658.mp4,Leave,32658,train,1,-1,"[530, 45, 1786, 1080]"
assets/sign_to_text/wlasl_top100_words/leave/32659.mp4,Leave,32659,train,1,-1,"[456, 126, 1493, 1072]"
assets/sign_to_text/wlasl_top100_words/leave/32661.mp4,Leave,32661,train,1,-1,"[16, 0, 577, 480]"
assets/sign_to_text/wlasl_top100_words/leave/32662.mp4,Leave,32662,val,1,-1,"[99, 21, 480, 480]"
assets/sign_to_text/wlasl_top100_words/leave/32654.mp4,Leave,32654,val,1,-1,"[58, 9, 308, 240]"
assets/sign_to_text/wlasl_top100_words/leave/32667.mp4,Leave,32667,train,1,-1,"[32, 14, 204, 192]"
assets/sign_to_text/wlasl_top100_words/leave/32669.mp4,Leave,32669,train,1,-1,"[92, 15, 254, 192]"
assets/sign_to_text/wlasl_top100_words/soon/53295.mp4,Soon,53295,train,1,-1,"[620, 49, 1564, 1080]"
assets/sign_to_text/wlasl_top100_words/soon/53296.mp4,Soon,53296,test,1,-1,"[132, 0, 579, 480]"
assets/sign_to_text/wlasl_top100_words/soon/53300.mp4,Soon,53300,train,1,-1,"[83, 23, 214, 192]"
assets/sign_to_text/wlasl_top100_words/soon/53301.mp4,Soon,53301,train,1,-1,"[69, 14, 214, 192]"
assets/sign_to_text/wlasl_top100_words/soon/66533.mp4,Soon,66533,val,1,-1,"[181, 45, 458, 370]"
assets/sign_to_text/wlasl_top100_words/soon/66534.mp4,Soon,66534,train,1,-1,"[185, 41, 457, 370]"
assets/sign_to_text/wlasl_top100_words/soon/53292.mp4,Soon,53292,test,1,-1,"[52, 0, 241, 240]"
assets/sign_to_text/wlasl_top100_words/soon/53304.mp4,Soon,53304,train,1,-1,"[191, 54, 568, 400]"
assets/sign_to_text/wlasl_top100_words/soon/53305.mp4,Soon,53305,train,1,-1,"[190, 61, 572, 400]"
assets/sign_to_text/wlasl_top100_words/soon/53293.mp4,Soon,53293,train,1,-1,"[428, 12, 790, 480]"
assets/sign_to_text/wlasl_top100_words/soon/53294.mp4,Soon,53294,val,1,-1,"[437, 129, 1472, 1080]"
assets/sign_to_text/wlasl_top100_words/trade/59206.mp4,Trade,59206,test,1,-1,"[313, 146, 1721, 1080]"
assets/sign_to_text/wlasl_top100_words/trade/59207.mp4,Trade,59207,train,1,-1,"[632, 47, 1584, 1080]"
assets/sign_to_text/wlasl_top100_words/trade/59208.mp4,Trade,59208,train,1,-1,"[642, 29, 1596, 1080]"
assets/sign_to_text/wlasl_top100_words/trade/59209.mp4,Trade,59209,train,1,-1,"[643, 59, 1743, 1080]"
assets/sign_to_text/wlasl_top100_words/trade/59210.mp4,Trade,59210,val,1,-1,"[690, 89, 1709, 1080]"
assets/sign_to_text/wlasl_top100_words/trade/59211.mp4,Trade,59211,train,1,-1,"[616, 97, 1435, 1080]"
assets/sign_to_text/wlasl_top100_words/trade/59212.mp4,Trade,59212,val,1,-1,"[35, 13, 603, 480]"
assets/sign_to_text/wlasl_top100_words/trade/59214.mp4,Trade,59214,train,1,-1,"[53, 10, 216, 192]"
assets/sign_to_text/wlasl_top100_words/trade/59215.mp4,Trade,59215,train,1,-1,"[59, 11, 215, 192]"
assets/sign_to_text/wlasl_top100_words/trade/59216.mp4,Trade,59216,train,1,-1,"[52, 8, 224, 192]"
assets/sign_to_text/wlasl_top100_words/trade/59219.mp4,Trade,59219,train,1,-1,"[213, 49, 508, 400]"
assets/sign_to_text/wlasl_top100_words/trade/59204.mp4,Trade,59204,train,1,-1,"[53, 15, 233, 180]"
assets/sign_to_text/wlasl_top100_words/trade/59205.mp4,Trade,59205,train,1,-1,"[36, 3, 285, 240]"
assets/sign_to_text/wlasl_top100_words/balance/04801.mp4,Balance,04801,train,1,-1,"[77, 26, 210, 192]"
assets/sign_to_text/wlasl_top100_words/balance/04802.mp4,Balance,04802,val,1,-1,"[86, 26, 197, 192]"
assets/sign_to_text/wlasl_top100_words/balance/04803.mp4,Balance,04803,train,1,-1,"[60, 26, 234, 192]"
assets/sign_to_text/wlasl_top100_words/balance/65129.mp4,Balance,65129,train,1,-1,"[146, 22, 562, 370]"
assets/sign_to_text/wlasl_top100_words/balance/04795.mp4,Balance,04795,train,1,-1,"[69, 12, 255, 180]"
assets/sign_to_text/wlasl_top100_words/balance/04806.mp4,Balance,04806,val,1,-1,"[205, 38, 503, 400]"
assets/sign_to_text/wlasl_top100_words/balance/04796.mp4,Balance,04796,test,1,-1,"[31, 2, 279, 240]"
assets/sign_to_text/wlasl_top100_words/balance/04797.mp4,Balance,04797,train,1,-1,"[668, 57, 1883, 1080]"
assets/sign_to_text/wlasl_top100_words/balance/04798.mp4,Balance,04798,train,1,-1,"[710, 67, 1696, 1080]"
assets/sign_to_text/wlasl_top100_words/balance/04799.mp4,Balance,04799,train,1,-1,"[101, 23, 578, 480]"
assets/sign_to_text/wlasl_top100_words/because/05598.mp4,Because,05598,train,1,-1,"[651, 60, 1692, 1070]"
assets/sign_to_text/wlasl_top100_words/because/05599.mp4,Because,05599,train,1,-1,"[581, 56, 1668, 1080]"
assets/sign_to_text/wlasl_top100_words/because/05600.mp4,Because,05600,val,1,-1,"[680, 56, 1684, 1080]"
assets/sign_to_text/wlasl_top100_words/because/05601.mp4,Because,05601,train,1,-1,"[42, 20, 530, 480]"
assets/sign_to_text/wlasl_top100_words/because/65158.mp4,Because,65158,train,1,-1,"[154, 13, 470, 370]"
assets/sign_to_text/wlasl_top100_words/because/65159.mp4,Because,65159,train,1,-1,"[153, 11, 465, 370]"
assets/sign_to_text/wlasl_top100_words/because/05605.mp4,Because,05605,test,1,-1,"[63, 14, 223, 192]"
assets/sign_to_text/wlasl_top100_words/because/05606.mp4,Because,05606,val,1,-1,"[32, 0, 215, 192]"
assets/sign_to_text/wlasl_top100_words/because/05609.mp4,Because,05609,train,1,-1,"[145, 52, 538, 400]"
assets/sign_to_text/wlasl_top100_words/because/05596.mp4,Because,05596,train,1,-1,"[36, 10, 264, 240]"
assets/sign_to_text/wlasl_top100_words/convince/13135.mp4,Convince,13135,test,1,-1,"[48, 7, 253, 240]"
assets/sign_to_text/wlasl_top100_words/convince/13136.mp4,Convince,13136,train,1,-1,"[526, 111, 1589, 1080]"
assets/sign_to_text/wlasl_top100_words/convince/13137.mp4,Convince,13137,train,1,-1,"[680, 63, 1789, 1080]"
assets/sign_to_text/wlasl_top100_words/convince/13138.mp4,Convince,13138,train,1,-1,"[120, 0, 509, 480]"
assets/sign_to_text/wlasl_top100_words/convince/65400.mp4,Convince,65400,val,1,-1,"[150, 19, 492, 370]"
assets/sign_to_text/wlasl_top100_words/convince/65401.mp4,Convince,65401,val,1,-1,"[189, 32, 500, 370]"
assets/sign_to_text/wlasl_top100_words/convince/13143.mp4,Convince,13143,train,1,-1,"[86, 17, 228, 192]"
assets/sign_to_text/wlasl_top100_words/convince/13144.mp4,Convince,13144,train,1,-1,"[89, 20, 203, 192]"
assets/sign_to_text/wlasl_top100_words/convince/13148.mp4,Convince,13148,test,1,-1,"[134, 54, 536, 400]"
assets/sign_to_text/wlasl_top100_words/convince/13134.mp4,Convince,13134,train,1,-1,"[70, 9, 227, 180]"
assets/sign_to_text/wlasl_top100_words/fat/65692.mp4,Fat,65692,val,1,-1,"[113, 26, 532, 370]"
assets/sign_to_text/wlasl_top100_words/fat/21252.mp4,Fat,21252,val,1,-1,"[150, 52, 601, 400]"
assets/sign_to_text/wlasl_top100_words/fat/21233.mp4,Fat,21233,train,1,-1,"[389, 65, 942, 720]"
assets/sign_to_text/wlasl_top100_words/fat/21234.mp4,Fat,21234,train,1,-1,"[569, 57, 1800, 1080]"
assets/sign_to_text/wlasl_top100_words/fat/21236.mp4,Fat,21236,train,1,-1,"[10, 10, 640, 480]"
assets/sign_to_text/wlasl_top100_words/fat/21231.mp4,Fat,21231,train,1,-1,"[65, 0, 255, 240]"
assets/sign_to_text/wlasl_top100_words/fat/21237.mp4,Fat,21237,train,1,-1,"[143, 22, 556, 480]"
assets/sign_to_text/wlasl_top100_words/fat/21241.mp4,Fat,21241,test,1,-1,"[47, 13, 252, 192]"
assets/sign_to_text/wlasl_top100_words/fat/21242.mp4,Fat,21242,train,1,-1,"[83, 16, 222, 192]"
assets/sign_to_text/wlasl_top100_words/fat/21243.mp4,Fat,21243,train,1,-1,"[57, 12, 241, 192]"
assets/sign_to_text/wlasl_top100_words/government/25244.mp4,Government,25244,train,1,-1,"[498, 39, 1647, 1080]"
assets/sign_to_text/wlasl_top100_words/government/25245.mp4,Government,25245,train,1,-1,"[494, 34, 1646, 1080]"
assets/sign_to_text/wlasl_top100_words/government/25246.mp4,Government,25246,val,1,-1,"[515, 49, 1642, 1080]"
assets/sign_to_text/wlasl_top100_words/government/25247.mp4,Government,25247,train,1,-1,"[28, 0, 535, 480]"
assets/sign_to_text/wlasl_top100_words/government/65840.mp4,Government,65840,train,1,-1,"[105, 6, 454, 370]"
assets/sign_to_text/wlasl_top100_words/government/25250.mp4,Government,25250,train,1,-1,"[38, 22, 207, 192]"
assets/sign_to_text/wlasl_top100_words/government/25253.mp4,Government,25253,test,1,-1,"[157, 66, 536, 400]"
assets/sign_to_text/wlasl_top100_words/government/25241.mp4,Government,25241,train,1,-1,"[56, 12, 227, 180]"
assets/sign_to_text/wlasl_top100_words/government/25242.mp4,Government,25242,train,1,-1,"[30, 0, 252, 240]"
assets/sign_to_text/wlasl_top100_words/government/25243.mp4,Government,25243,train,1,-1,"[347, 51, 797, 720]"
assets/sign_to_text/wlasl_top100_words/interest/65950.mp4,Interest,65950,val,1,-1,"[201, 27, 516, 370]"
assets/sign_to_text/wlasl_top100_words/interest/30153.mp4,Interest,30153,test,1,-1,"[61, 0, 242, 240]"
assets/sign_to_text/wlasl_top100_words/interest/30154.mp4,Interest,30154,train,1,-1,"[66, 0, 242, 240]"
assets/sign_to_text/wlasl_top100_words/interest/30155.mp4,Interest,30155,test,1,-1,"[422, 60, 801, 720]"
assets/sign_to_text/wlasl_top100_words/interest/30156.mp4,Interest,30156,val,1,-1,"[102, 12, 540, 480]"
assets/sign_to_text/wlasl_top100_words/interest/30160.mp4,Interest,30160,train,1,-1,"[71, 12, 218, 192]"
assets/sign_to_text/wlasl_top100_words/interest/30152.mp4,Interest,30152,train,1,-1,"[96, 10, 254, 180]"
assets/sign_to_text/wlasl_top100_words/interest/30162.mp4,Interest,30162,train,1,-1,"[69, 11, 208, 192]"
assets/sign_to_text/wlasl_top100_words/interest/30166.mp4,Interest,30166,train,1,-1,"[253, 48, 501, 400]"
assets/sign_to_text/wlasl_top100_words/interest/30168.mp4,Interest,30168,train,1,-1,"[252, 46, 503, 400]"
assets/sign_to_text/wlasl_top100_words/order/66248.mp4,Order,66248,test,1,-1,"[88, 30, 493, 370]"
assets/sign_to_text/wlasl_top100_words/order/40183.mp4,Order,40183,val,1,-1,"[184, 33, 542, 400]"
assets/sign_to_text/wlasl_top100_words/order/40184.mp4,Order,40184,test,1,-1,"[180, 62, 546, 400]"
assets/sign_to_text/wlasl_top100_words/order/40171.mp4,Order,40171,train,1,-1,"[81, 0, 520, 480]"
assets/sign_to_text/wlasl_top100_words/order/40172.mp4,Order,40172,train,1,-1,"[143, 0, 499, 480]"
assets/sign_to_text/wlasl_top100_words/order/40177.mp4,Order,40177,train,1,-1,"[60, 8, 204, 192]"
assets/sign_to_text/wlasl_top100_words/order/40178.mp4,Order,40178,train,1,-1,"[51, 8, 231, 192]"
assets/sign_to_text/wlasl_top100_words/order/66249.mp4,Order,66249,val,1,-1,"[143, 2, 490, 370]"
assets/sign_to_text/wlasl_top100_words/order/40169.mp4,Order,40169,train,1,-1,"[46, 0, 251, 240]"
assets/sign_to_text/wlasl_top100_words/order/40179.mp4,Order,40179,train,1,-1,"[53, 8, 222, 192]"
assets/sign_to_text/wlasl_top100_words/sandwich/49250.mp4,Sandwich,49250,train,1,-1,"[53, 8, 206, 192]"
assets/sign_to_text/wlasl_top100_words/sandwich/49251.mp4,Sandwich,49251,val,1,-1,"[101, 16, 217, 192]"
assets/sign_to_text/wlasl_top100_words/sandwich/49252.mp4,Sandwich,49252,train,1,-1,"[88, 18, 201, 192]"
assets/sign_to_text/wlasl_top100_words/sandwich/66423.mp4,Sandwich,66423,train,1,-1,"[167, 31, 490, 370]"
assets/sign_to_text/wlasl_top100_words/sandwich/66424.mp4,Sandwich,66424,train,1,-1,"[163, 30, 494, 370]"
assets/sign_to_text/wlasl_top100_words/sandwich/49255.mp4,Sandwich,49255,val,1,-1,"[194, 46, 549, 400]"
assets/sign_to_text/wlasl_top100_words/sandwich/49245.mp4,Sandwich,49245,test,1,-1,"[47, 1, 256, 240]"
assets/sign_to_text/wlasl_top100_words/sandwich/49246.mp4,Sandwich,49246,train,1,-1,"[234, 17, 534, 414]"
assets/sign_to_text/wlasl_top100_words/sandwich/49247.mp4,Sandwich,49247,train,1,-1,"[436, 61, 977, 720]"
assets/sign_to_text/wlasl_top100_words/sandwich/49248.mp4,Sandwich,49248,train,1,-1,"[146, 0, 523, 480]"
assets/sign_to_text/wlasl_top100_words/theory/57785.mp4,Theory,57785,train,1,-1,"[119, 0, 542, 480]"
assets/sign_to_text/wlasl_top100_words/theory/57788.mp4,Theory,57788,train,1,-1,"[57, 1, 224, 192]"
assets/sign_to_text/wlasl_top100_words/theory/57789.mp4,Theory,57789,train,1,-1,"[71, 9, 223, 192]"
assets/sign_to_text/wlasl_top100_words/theory/66603.mp4,Theory,66603,train,1,-1,"[135, 30, 470, 370]"
assets/sign_to_text/wlasl_top100_words/theory/66604.mp4,Theory,66604,train,1,-1,"[156, 30, 463, 370]"
assets/sign_to_text/wlasl_top100_words/theory/57791.mp4,Theory,57791,train,1,-1,"[59, 5, 216, 192]"
assets/sign_to_text/wlasl_top100_words/theory/57794.mp4,Theory,57794,test,1,-1,"[162, 53, 535, 400]"
assets/sign_to_text/wlasl_top100_words/theory/57782.mp4,Theory,57782,train,1,-1,"[74, 9, 229, 180]"
assets/sign_to_text/wlasl_top100_words/theory/57783.mp4,Theory,57783,train,1,-1,"[38, 29, 253, 240]"
assets/sign_to_text/wlasl_top100_words/theory/57784.mp4,Theory,57784,train,1,-1,"[633, 52, 1536, 1071]"
assets/sign_to_text/wlasl_top100_words/argue/03268.mp4,Argue,03268,train,1,-1,"[156, 17, 579, 414]"
assets/sign_to_text/wlasl_top100_words/argue/03270.mp4,Argue,03270,train,1,-1,"[359, 52, 905, 720]"
assets/sign_to_text/wlasl_top100_words/argue/03272.mp4,Argue,03272,val,1,-1,"[533, 61, 1661, 1080]"
assets/sign_to_text/wlasl_top100_words/argue/03273.mp4,Argue,03273,train,1,-1,"[463, 77, 1769, 1080]"
assets/sign_to_text/wlasl_top100_words/argue/03274.mp4,Argue,03274,train,1,-1,"[127, 22, 612, 480]"
assets/sign_to_text/wlasl_top100_words/argue/65092.mp4,Argue,65092,train,1,-1,"[174, 2, 486, 370]"
assets/sign_to_text/wlasl_top100_words/argue/03277.mp4,Argue,03277,train,1,-1,"[60, 21, 233, 192]"
assets/sign_to_text/wlasl_top100_words/argue/03278.mp4,Argue,03278,test,1,-1,"[63, 22, 221, 192]"
assets/sign_to_text/wlasl_top100_words/argue/03282.mp4,Argue,03282,train,1,-1,"[175, 50, 553, 400]"
assets/sign_to_text/wlasl_top100_words/argue/03267.mp4,Argue,03267,train,1,-1,"[32, 3, 295, 240]"
assets/sign_to_text/wlasl_top100_words/champion/09920.mp4,Champion,09920,train,1,-1,"[415, 84, 1573, 1080]"
assets/sign_to_text/wlasl_top100_words/champion/09921.mp4,Champion,09921,train,1,-1,"[676, 148, 1657, 1080]"
assets/sign_to_text/wlasl_top100_words/champion/09922.mp4,Champion,09922,val,1,-1,"[108, 18, 528, 480]"
assets/sign_to_text/wlasl_top100_words/champion/65330.mp4,Champion,65330,train,1,-1,"[141, 6, 480, 370]"
assets/sign_to_text/wlasl_top100_words/champion/09924.mp4,Champion,09924,train,1,-1,"[63, 11, 196, 192]"
assets/sign_to_text/wlasl_top100_words/champion/09926.mp4,Champion,09926,train,1,-1,"[168, 54, 541, 400]"
assets/sign_to_text/wlasl_top100_words/champion/09915.mp4,Champion,09915,test,1,-1,"[4, 0, 279, 240]"
assets/sign_to_text/wlasl_top100_words/champion/09916.mp4,Champion,09916,val,1,-1,"[517, 64, 1673, 1080]"
assets/sign_to_text/wlasl_top100_words/champion/09917.mp4,Champion,09917,test,1,-1,"[665, 76, 1690, 1080]"
assets/sign_to_text/wlasl_top100_words/champion/09918.mp4,Champion,09918,train,1,-1,"[696, 67, 1705, 1080]"
assets/sign_to_text/wlasl_top100_words/champion/09919.mp4,Champion,09919,train,1,-1,"[518, 91, 1605, 1080]"
assets/sign_to_text/wlasl_top100_words/delay/15325.mp4,Delay,15325,train,1,-1,"[82, 17, 216, 192]"
assets/sign_to_text/wlasl_top100_words/delay/15326.mp4,Delay,15326,val,1,-1,"[75, 13, 227, 192]"
assets/sign_to_text/wlasl_top100_words/delay/15327.mp4,Delay,15327,train,1,-1,"[72, 13, 225, 192]"
assets/sign_to_text/wlasl_top100_words/delay/15328.mp4,Delay,15328,train,1,-1,"[78, 14, 216, 192]"
assets/sign_to_text/wlasl_top100_words/delay/15319.mp4,Delay,15319,train,1,-1,"[73, 0, 233, 240]"
assets/sign_to_text/wlasl_top100_words/delay/15330.mp4,Delay,15330,train,1,-1,"[75, 14, 235, 192]"
assets/sign_to_text/wlasl_top100_words/delay/15332.mp4,Delay,15332,test,1,-1,"[197, 62, 548, 400]"
assets/sign_to_text/wlasl_top100_words/delay/15320.mp4,Delay,15320,val,1,-1,"[469, 54, 1678, 1078]"
assets/sign_to_text/wlasl_top100_words/delay/15321.mp4,Delay,15321,test,1,-1,"[532, 69, 1457, 1080]"
assets/sign_to_text/wlasl_top100_words/delay/15322.mp4,Delay,15322,train,1,-1,"[451, 41, 1123, 720]"
assets/sign_to_text/wlasl_top100_words/delay/15323.mp4,Delay,15323,train,1,-1,"[139, 0, 531, 480]"
assets/sign_to_text/wlasl_top100_words/delicious/15363.mp4,Delicious,15363,train,1,-1,"[560, 107, 1573, 1076]"
assets/sign_to_text/wlasl_top100_words/delicious/15364.mp4,Delicious,15364,train,1,-1,"[693, 122, 1620, 1071]"
assets/sign_to_text/wlasl_top100_words/delicious/15365.mp4,Delicious,15365,train,1,-1,"[673, 118, 1564, 1065]"
assets/sign_to_text/wlasl_top100_words/delicious/15366.mp4,Delicious,15366,val,1,-1,"[357, 19, 808, 480]"
assets/sign_to_text/wlasl_top100_words/delicious/15369.mp4,Delicious,15369,train,1,-1,"[69, 23, 202, 192]"
assets/sign_to_text/wlasl_top100_words/delicious/65457.mp4,Delicious,65457,train,1,-1,"[175, 16, 482, 369]"
assets/sign_to_text/wlasl_top100_words/delicious/15370.mp4,Delicious,15370,train,1,-1,"[49, 22, 211, 192]"
assets/sign_to_text/wlasl_top100_words/delicious/15374.mp4,Delicious,15374,test,1,-1,"[191, 64, 533, 400]"
assets/sign_to_text/wlasl_top100_words/delicious/15361.mp4,Delicious,15361,train,1,-1,"[86, 36, 233, 240]"
assets/sign_to_text/wlasl_top100_words/delicious/15362.mp4,Delicious,15362,train,1,-1,"[428, 56, 806, 720]"
assets/sign_to_text/wlasl_top100_words/environment/19410.mp4,Environment,19410,test,1,-1,"[624, 124, 1642, 1074]"
assets/sign_to_text/wlasl_top100_words/environment/19411.mp4,Environment,19411,train,1,-1,"[649, 66, 1753, 1080]"
assets/sign_to_text/wlasl_top100_words/environment/19412.mp4,Environment,19412,train,1,-1,"[17, 0, 573, 480]"
assets/sign_to_text/wlasl_top100_words/environment/19414.mp4,Environment,19414,train,1,-1,"[89, 19, 207, 192]"
assets/sign_to_text/wlasl_top100_words/environment/65638.mp4,Environment,65638,train,1,-1,"[157, 29, 483, 370]"
assets/sign_to_text/wlasl_top100_words/environment/65639.mp4,Environment,65639,train,1,-1,"[207, 33, 469, 370]"
assets/sign_to_text/wlasl_top100_words/environment/19406.mp4,Environment,19406,train,1,-1,"[96, 10, 249, 180]"
assets/sign_to_text/wlasl_top100_words/environment/19418.mp4,Environment,19418,train,1,-1,"[187, 55, 541, 400]"
assets/sign_to_text/wlasl_top100_words/environment/19407.mp4,Environment,19407,train,1,-1,"[6, 0, 281, 240]"
assets/sign_to_text/wlasl_top100_words/environment/19408.mp4,Environment,19408,train,1,-1,"[61, 0, 268, 240]"
assets/sign_to_text/wlasl_top100_words/environment/19409.mp4,Environment,19409,val,1,-1,"[329, 57, 822, 720]"
assets/sign_to_text/wlasl_top100_words/move/66151.mp4,Move,66151,train,1,-1,"[194, 15, 513, 370]"
assets/sign_to_text/wlasl_top100_words/move/37102.mp4,Move,37102,train,1,-1,"[194, 52, 559, 400]"
assets/sign_to_text/wlasl_top100_words/move/37086.mp4,Move,37086,val,1,-1,"[321, 58, 836, 720]"
assets/sign_to_text/wlasl_top100_words/move/37087.mp4,Move,37087,train,1,-1,"[448, 102, 1569, 1080]"
assets/sign_to_text/wlasl_top100_words/move/37089.mp4,Move,37089,train,1,-1,"[105, 0, 618, 480]"
assets/sign_to_text/wlasl_top100_words/move/37093.mp4,Move,37093,train,1,-1,"[7, 9, 224, 192]"
assets/sign_to_text/wlasl_top100_words/move/37094.mp4,Move,37094,train,1,-1,"[48, 13, 226, 192]"
assets/sign_to_text/wlasl_top100_words/move/37085.mp4,Move,37085,test,1,-1,"[52, 11, 262, 240]"
assets/sign_to_text/wlasl_top100_words/move/37097.mp4,Move,37097,test,1,-1,"[35, 11, 239, 192]"
assets/sign_to_text/wlasl_top100_words/move/37098.mp4,Move,37098,train,1,-1,"[65, 7, 217, 192]"
assets/sign_to_text/wlasl_top100_words/perspective/42246.mp4,Perspective,42246,train,1,-1,"[676, 134, 1457, 1080]"
assets/sign_to_text/wlasl_top100_words/perspective/42247.mp4,Perspective,42247,train,1,-1,"[683, 71, 1509, 1080]"
assets/sign_to_text/wlasl_top100_words/perspective/42248.mp4,Perspective,42248,val,1,-1,"[124, 36, 575, 480]"
assets/sign_to_text/wlasl_top100_words/perspective/42251.mp4,Perspective,42251,train,1,-1,"[56, 14, 199, 192]"
assets/sign_to_text/wlasl_top100_words/perspective/66281.mp4,Perspective,66281,train,1,-1,"[201, 9, 473, 370]"
assets/sign_to_text/wlasl_top100_words/perspective/42252.mp4,Perspective,42252,train,1,-1,"[54, 11, 215, 192]"
assets/sign_to_text/wlasl_top100_words/perspective/42253.mp4,Perspective,42253,train,1,-1,"[49, 11, 205, 192]"
assets/sign_to_text/wlasl_top100_words/perspective/42256.mp4,Perspective,42256,test,1,-1,"[187, 54, 557, 400]"
assets/sign_to_text/wlasl_top100_words/perspective/42243.mp4,Perspective,42243,train,1,-1,"[77, 7, 231, 180]"
assets/sign_to_text/wlasl_top100_words/perspective/42245.mp4,Perspective,42245,train,1,-1,"[56, 4, 259, 240]"
assets/sign_to_text/wlasl_top100_words/silly/51708.mp4,Silly,51708,train,1,-1,"[89, 19, 210, 192]"
assets/sign_to_text/wlasl_top100_words/silly/51709.mp4,Silly,51709,train,1,-1,"[80, 24, 208, 192]"
assets/sign_to_text/wlasl_top100_words/silly/51710.mp4,Silly,51710,val,1,-1,"[77, 18, 216, 192]"
assets/sign_to_text/wlasl_top100_words/silly/66481.mp4,Silly,66481,train,1,-1,"[184, 41, 457, 370]"
assets/sign_to_text/wlasl_top100_words/silly/51712.mp4,Silly,51712,train,1,-1,"[197, 48, 558, 400]"
assets/sign_to_text/wlasl_top100_words/silly/51713.mp4,Silly,51713,train,1,-1,"[197, 48, 558, 400]"
assets/sign_to_text/wlasl_top100_words/silly/51703.mp4,Silly,51703,test,1,-1,"[90, 36, 237, 240]"
assets/sign_to_text/wlasl_top100_words/silly/51704.mp4,Silly,51704,val,1,-1,"[400, 57, 797, 720]"
assets/sign_to_text/wlasl_top100_words/silly/51705.mp4,Silly,51705,test,1,-1,"[442, 67, 1002, 720]"
assets/sign_to_text/wlasl_top100_words/silly/51706.mp4,Silly,51706,train,1,-1,"[149, 0, 540, 480]"
assets/sign_to_text/wlasl_top100_words/sweet/69499.mp4,Sweet,69499,train,1,-1,"[549, 64, 1316, 1080]"
assets/sign_to_text/wlasl_top100_words/sweet/56312.mp4,Sweet,56312,train,1,-1,"[76, 4, 215, 192]"
assets/sign_to_text/wlasl_top100_words/sweet/56313.mp4,Sweet,56313,train,1,-1,"[70, 9, 211, 192]"
assets/sign_to_text/wlasl_top100_words/sweet/56314.mp4,Sweet,56314,val,1,-1,"[70, 12, 212, 192]"
assets/sign_to_text/wlasl_top100_words/sweet/66585.mp4,Sweet,66585,train,1,-1,"[189, 35, 463, 370]"
assets/sign_to_text/wlasl_top100_words/sweet/56306.mp4,Sweet,56306,train,1,-1,"[74, 13, 236, 240]"
assets/sign_to_text/wlasl_top100_words/sweet/56317.mp4,Sweet,56317,train,1,-1,"[198, 52, 538, 400]"
assets/sign_to_text/wlasl_top100_words/sweet/56307.mp4,Sweet,56307,test,1,-1,"[423, 55, 805, 720]"
assets/sign_to_text/wlasl_top100_words/sweet/56308.mp4,Sweet,56308,val,1,-1,"[490, 44, 1048, 720]"
assets/sign_to_text/wlasl_top100_words/sweet/56309.mp4,Sweet,56309,test,1,-1,"[182, 0, 545, 480]"
assets/sign_to_text/wlasl_top100_words/score/49693.mp4,Score,49693,test,1,-1,"[370, 23, 798, 480]"
assets/sign_to_text/wlasl_top100_words/score/49694.mp4,Score,49694,train,1,-1,"[373, 20, 804, 480]"
assets/sign_to_text/wlasl_top100_words/score/49695.mp4,Score,49695,train,1,-1,"[126, 0, 522, 480]"
assets/sign_to_text/wlasl_top100_words/score/49697.mp4,Score,49697,train,1,-1,"[60, 15, 223, 192]"
assets/sign_to_text/wlasl_top100_words/score/49699.mp4,Score,49699,test,1,-1,"[82, 18, 197, 192]"
assets/sign_to_text/wlasl_top100_words/score/49700.mp4,Score,49700,val,1,-1,"[82, 18, 197, 192]"
assets/sign_to_text/wlasl_top100_words/score/66434.mp4,Score,66434,train,1,-1,"[157, 32, 489, 370]"
assets/sign_to_text/wlasl_top100_words/score/49691.mp4,Score,49691,val,1,-1,"[70, 16, 260, 240]"
assets/sign_to_text/wlasl_top100_words/score/49702.mp4,Score,49702,train,1,-1,"[82, 18, 199, 192]"
assets/sign_to_text/wlasl_top100_words/score/49706.mp4,Score,49706,train,1,-1,"[241, 38, 495, 400]"
assets/sign_to_text/wlasl_top100_words/score/49692.mp4,Score,49692,train,1,-1,"[330, 24, 772, 480]"
